clip,track_id,start_frame,end_frame,direction,completeness
G0512-K111_clip_0000,3,1,19,right,incomplete
G0512-K111_clip_0000,18,286,338,right,complete
G0512-K111_clip_0000,34,525,567,right,incomplete
G0512-K111_clip_0000,40,568,607,right,complete
G0512-K111_clip_0000,50,693,699,left,incomplete
G0512-K111_clip_0000,53,681,712,right,complete
G0512-K111_clip_0000,55,714,760,right,incomplete
G0512-K111_clip_0000,72,899,950,left,incomplete
G0512-K111_clip_0000,78,1030,1075,right,complete
G0512-K111_clip_0000,139,1843,1893,right,incomplete
G0512-K111_clip_0000,142,1880,1920,left,incomplete
G0512-K111_clip_0000,149,1985,2021,right,complete
G0512-K111_clip_0000,176,2326,2341,right,incomplete
G0512-K111_clip_0000,185,2444,2510,right,incomplete
G0512-K111_clip_0000,195,2556,2589,right,incomplete
G0512-K111_clip_0000,210,2818,2829,left,incomplete
G0512-K111_clip_0000,225,3057,3107,right,incomplete
G0512-K111_clip_0000,240,3261,3281,left,incomplete
G0512-K111_clip_0000,261,3634,3676,right,complete
G0512-K111_clip_0000,290,3983,4036,right,incomplete
G0512-K111_clip_0000,291,4006,4060,right,incomplete
G0512-K111_clip_0000,293,4058,4111,left,complete
G0512-K111_clip_0000,311,4378,4385,right,incomplete
G0512-K111_clip_0000,312,4403,4454,right,complete
G0512-K111_clip_0000,344,4894,4929,left,incomplete
G0512-K111_clip_0000,359,5068,5088,left,incomplete
G0512-K111_clip_0000,384,5324,5358,left,incomplete
G0512-K111_clip_0000,385,5347,5405,right,incomplete
G0512-K111_clip_0000,393,5510,5519,right,incomplete
G0512-K111_clip_0000,398,5614,5646,left,complete
G0512-K111_clip_0001,1,1,33,left,incomplete
G0512-K111_clip_0001,8,79,127,left,incomplete
G0512-K111_clip_0001,10,120,169,right,incomplete
G0512-K111_clip_0001,21,345,386,left,incomplete
G0512-K111_clip_0001,29,421,453,left,incomplete
G0512-K111_clip_0001,30,449,483,right,incomplete
G0512-K111_clip_0001,38,520,567,right,incomplete
G0512-K111_clip_0001,60,724,759,right,incomplete
G0512-K111_clip_0001,69,800,852,right,incomplete
G0512-K111_clip_0001,71,837,908,right,incomplete
G0512-K111_clip_0001,92,1095,1151,right,incomplete
G0512-K111_clip_0001,96,1154,1228,left,incomplete
G0512-K111_clip_0001,100,1215,1242,left,incomplete
G0512-K111_clip_0001,112,1377,1401,right,complete
G0512-K111_clip_0001,114,1455,1511,right,incomplete
G0512-K111_clip_0001,125,1547,1578,left,incomplete
G0512-K111_clip_0001,128,1599,1626,left,incomplete
G0512-K111_clip_0001,135,1647,1720,left,complete
G0512-K111_clip_0001,138,1682,1728,left,complete
G0512-K111_clip_0001,150,1958,1990,left,incomplete
G0512-K111_clip_0001,152,1876,1907,right,complete
G0512-K111_clip_0001,156,1940,1948,right,incomplete
G0512-K111_clip_0001,182,2338,2370,left,incomplete
G0512-K111_clip_0001,220,2964,3039,left,complete
G0512-K111_clip_0001,228,3102,3118,left,incomplete
G0512-K111_clip_0001,255,3440,3459,right,incomplete
G0512-K111_clip_0001,303,4204,4222,left,incomplete
G0512-K111_clip_0001,322,4488,4516,left,incomplete
G0512-K111_clip_0001,324,4487,4505,right,incomplete
G0512-K111_clip_0001,350,4870,4906,right,incomplete
G0512-K111_clip_0001,362,5058,5103,right,complete
G0512-K111_clip_0001,372,5210,5239,left,incomplete
G0512-K111_clip_0001,401,5743,5751,right,incomplete
G0512-K111_clip_0001,405,5799,5835,right,incomplete
G0512-K111_clip_0002,34,321,350,right,incomplete
G0512-K111_clip_0002,53,521,552,right,incomplete
G0512-K111_clip_0002,72,789,804,left,incomplete
G0512-K111_clip_0002,86,923,968,right,incomplete
G0512-K111_clip_0002,95,1029,1066,left,complete
G0512-K111_clip_0002,164,1657,1668,right,incomplete
G0512-K111_clip_0002,163,1659,1700,left,incomplete
G0512-K111_clip_0002,195,2087,2122,right,incomplete
G0512-K111_clip_0002,197,1995,2010,right,incomplete
G0512-K111_clip_0002,200,2031,2077,right,incomplete
G0512-K111_clip_0002,202,2054,2086,right,complete
G0512-K111_clip_0002,212,2184,2201,right,incomplete
G0512-K111_clip_0002,217,2263,2273,right,incomplete
G0512-K111_clip_0002,218,2247,2292,left,complete
G0512-K111_clip_0002,222,2239,2252,left,incomplete
G0512-K111_clip_0002,238,2452,2503,right,complete
G0512-K111_clip_0002,240,2448,2476,left,incomplete
G0512-K111_clip_0002,247,2610,2671,left,complete
G0512-K111_clip_0002,264,2984,3019,right,complete
G0512-K111_clip_0002,309,3671,3699,right,complete
G0512-K111_clip_0002,309,3721,3730,right,incomplete
G0512-K111_clip_0002,311,3672,3743,left,incomplete
G0512-K111_clip_0002,312,3689,3757,left,incomplete
G0512-K111_clip_0002,313,3692,3720,left,incomplete
G0512-K111_clip_0002,320,3840,3842,left,incomplete
G0512-K111_clip_0002,330,3879,3918,right,complete
G0512-K111_clip_0002,336,3891,3929,right,complete
G0512-K111_clip_0002,361,4113,4169,right,incomplete
G0512-K111_clip_0002,363,4123,4154,left,incomplete
G0512-K111_clip_0002,380,4334,4363,right,complete
G0512-K111_clip_0002,424,4769,4828,right,incomplete
G0512-K111_clip_0002,428,4821,4856,right,incomplete
G0512-K111_clip_0002,482,5466,5497,right,complete
G0512-K111_clip_0002,490,5516,5540,right,incomplete
G0512-K111_clip_0002,507,5714,5747,left,complete
G0512-K111_clip_0002,514,5811,5823,left,incomplete
G0512-K111_clip_0002,517,5852,5863,right,incomplete
G0512-K111_clip_0002,523,5869,5912,left,complete
G0512-K111_clip_0003,8,24,50,right,complete
G0512-K111_clip_0003,8,64,81,right,incomplete
G0512-K111_clip_0003,23,203,240,right,incomplete
G0512-K111_clip_0003,32,346,381,left,incomplete
G0512-K111_clip_0003,47,884,902,right,incomplete
G0512-K111_clip_0003,76,1213,1268,left,complete
G0512-K111_clip_0003,97,1449,1473,right,incomplete
G0512-K111_clip_0003,126,1707,1733,right,incomplete
G0512-K111_clip_0003,140,1864,1896,right,complete
G0512-K111_clip_0003,166,2134,2172,right,incomplete
G0512-K111_clip_0003,189,2441,2459,right,incomplete
G0512-K111_clip_0003,197,2471,2510,left,incomplete
G0512-K111_clip_0003,214,2639,2683,right,incomplete
G0512-K111_clip_0003,245,2990,3013,left,complete
G0512-K111_clip_0003,267,3182,3200,right,incomplete
G0512-K111_clip_0003,285,3481,3497,left,incomplete
G0512-K111_clip_0003,302,3736,3771,right,incomplete
G0512-K111_clip_0003,311,3831,3839,left,incomplete
G0512-K111_clip_0003,318,3992,3994,left,incomplete
G0512-K111_clip_0003,326,4028,4057,left,complete
G0512-K111_clip_0003,335,4119,4157,left,complete
G0512-K111_clip_0003,351,4276,4342,right,incomplete
G0512-K111_clip_0003,376,4584,4626,right,incomplete
G0512-K111_clip_0003,392,4800,4824,right,incomplete
G0512-K111_clip_0003,409,5083,5138,left,incomplete
G0512-K111_clip_0003,419,5185,5228,right,incomplete
G0512-K111_clip_0003,426,5231,5263,right,incomplete
G0512-K111_clip_0003,439,5338,5374,right,incomplete
G0512-K111_clip_0003,446,5474,5485,left,incomplete
G0512-K111_clip_0003,462,5696,5735,right,incomplete
G0512-K111_clip_0003,468,5784,5821,left,incomplete
G0512-K111_clip_0004,24,222,281,left,incomplete
G0512-K111_clip_0004,72,854,865,right,incomplete
G0512-K111_clip_0004,76,908,919,right,incomplete
G0512-K111_clip_0004,99,1220,1249,right,incomplete
G0512-K111_clip_0004,101,1236,1278,left,complete
G0512-K111_clip_0004,112,1357,1376,right,incomplete
G0512-K111_clip_0004,112,1413,1434,right,incomplete
G0512-K111_clip_0004,116,1443,1469,right,complete
G0512-K111_clip_0004,123,1464,1494,left,incomplete
G0512-K111_clip_0004,140,1598,1646,right,complete
G0512-K111_clip_0004,159,1853,1872,right,incomplete
G0512-K111_clip_0004,177,2096,2235,right,complete
G0512-K111_clip_0004,183,2198,2216,left,incomplete
G0512-K111_clip_0004,185,2131,2177,left,incomplete
G0512-K111_clip_0004,208,2407,2486,left,incomplete
G0512-K111_clip_0004,216,2525,2587,left,incomplete
G0512-K111_clip_0004,226,2694,2715,right,incomplete
G0512-K111_clip_0004,260,2973,3029,left,complete
G0512-K111_clip_0004,274,3183,3216,right,incomplete
G0512-K111_clip_0004,290,3427,3497,right,incomplete
G0512-K111_clip_0004,303,3601,3621,right,incomplete
G0512-K111_clip_0004,308,3722,3724,left,incomplete
G0512-K111_clip_0004,309,3662,3686,right,incomplete
G0512-K111_clip_0004,316,3788,3834,right,complete
G0512-K111_clip_0004,320,3794,3841,right,incomplete
G0512-K111_clip_0004,322,3890,3903,left,incomplete
G0512-K111_clip_0004,326,3933,3993,right,incomplete
G0512-K111_clip_0004,329,3907,3947,left,complete
G0512-K111_clip_0004,337,4006,4036,right,complete
G0512-K111_clip_0004,338,4013,4033,right,incomplete
G0512-K111_clip_0004,353,4164,4185,right,incomplete
G0512-K111_clip_0004,373,4451,4497,left,complete
G0512-K111_clip_0004,395,4773,4821,right,incomplete
G0512-K111_clip_0004,406,4916,4985,left,complete
G0512-K111_clip_0004,410,5034,5037,right,incomplete
G0512-K111_clip_0004,419,5130,5148,right,incomplete
G0512-K111_clip_0004,441,5430,5458,left,complete
G0512-K111_clip_0004,487,5844,5866,right,incomplete
G0512-K111_clip_0004,490,5922,5953,right,incomplete
G0512-K111_clip_0005,8,78,158,left,incomplete
G0512-K111_clip_0005,85,992,1048,right,incomplete
G0512-K111_clip_0005,86,1093,1107,right,incomplete
G0512-K111_clip_0005,92,1128,1175,right,complete
G0512-K111_clip_0005,99,1298,1318,right,incomplete
G0512-K111_clip_0005,116,1544,1577,right,incomplete
G0512-K111_clip_0005,119,1598,1615,left,incomplete
G0512-K111_clip_0005,142,1939,1974,right,incomplete
G0512-K111_clip_0005,149,1978,2045,right,incomplete
G0512-K111_clip_0005,172,2393,2438,left,incomplete
G0512-K111_clip_0005,193,2730,2750,right,incomplete
G0512-K111_clip_0005,213,2986,3016,right,complete
G0512-K111_clip_0005,218,2992,3097,left,complete
G0512-K111_clip_0005,222,3071,3130,left,complete
G0512-K111_clip_0005,223,3096,3147,left,complete
G0512-K111_clip_0005,237,3290,3329,left,incomplete
G0512-K111_clip_0005,277,3791,3823,left,incomplete
G0512-K111_clip_0005,285,3864,3881,left,incomplete
G0512-K111_clip_0005,285,3912,3939,left,incomplete
G0512-K111_clip_0005,322,4431,4483,right,incomplete
G0512-K111_clip_0005,323,4444,4500,right,complete
G0512-K111_clip_0005,370,4934,4966,left,incomplete
G0512-K111_clip_0005,376,5022,5038,right,incomplete
G0512-K111_clip_0005,393,5200,5270,left,complete
G0512-K111_clip_0005,407,5343,5376,left,complete
G0512-K111_clip_0005,420,5452,5530,left,incomplete
G0512-K111_clip_0005,439,5726,5740,left,incomplete
G0512-K111_clip_0005,454,5918,5981,right,incomplete
G4202-K32_clip_0000,9,1,22,right,incomplete
G4202-K32_clip_0000,41,329,363,left,incomplete
G4202-K32_clip_0000,43,229,263,left,incomplete
G4202-K32_clip_0000,54,314,353,left,complete
G4202-K32_clip_0000,58,356,368,right,incomplete
G4202-K32_clip_0000,61,416,463,left,complete
G4202-K32_clip_0000,73,542,568,right,incomplete
G4202-K32_clip_0000,128,949,985,right,incomplete
G4202-K32_clip_0000,130,1050,1092,right,complete
G4202-K32_clip_0000,133,986,1020,right,incomplete
G4202-K32_clip_0000,201,1623,1670,left,complete
G4202-K32_clip_0000,217,1778,1818,left,complete
G4202-K32_clip_0000,236,1907,1945,right,incomplete
G4202-K32_clip_0000,243,2038,2107,right,incomplete
G4202-K32_clip_0000,249,2054,2089,left,incomplete
G4202-K32_clip_0000,251,2080,2124,left,incomplete
G4202-K32_clip_0000,274,2258,2273,right,incomplete
G4202-K32_clip_0000,283,2314,2371,left,complete
G4202-K32_clip_0000,288,2342,2357,right,incomplete
G4202-K32_clip_0000,301,2526,2562,left,incomplete
G4202-K32_clip_0000,304,2485,2528,right,complete
G4202-K32_clip_0000,313,2551,2609,left,complete
G4202-K32_clip_0000,322,2672,2722,left,incomplete
G4202-K32_clip_0000,342,2740,2791,right,incomplete
G4202-K32_clip_0000,371,2950,2976,right,incomplete
G4202-K32_clip_0000,372,2964,3013,right,complete
G4202-K32_clip_0000,378,3030,3097,right,complete
G4202-K32_clip_0000,394,3202,3254,left,complete
G4202-K32_clip_0000,399,3170,3187,right,incomplete
G4202-K32_clip_0000,405,3237,3277,left,complete
G4202-K32_clip_0000,406,3326,3374,right,complete
G4202-K32_clip_0000,410,3274,3331,right,incomplete
G4202-K32_clip_0000,411,3357,3389,right,incomplete
G4202-K32_clip_0000,423,3454,3512,right,incomplete
G4202-K32_clip_0000,427,3507,3540,right,complete
G4202-K32_clip_0000,428,3496,3545,right,incomplete
G4202-K32_clip_0000,431,3466,3527,right,complete
G4202-K32_clip_0000,469,3856,3897,right,incomplete
G4202-K32_clip_0000,471,3907,3945,left,incomplete
G4202-K32_clip_0000,477,3856,3918,right,incomplete
G4202-K32_clip_0000,499,3995,4074,left,incomplete
G4202-K32_clip_0000,506,4083,4125,right,incomplete
G4202-K32_clip_0000,515,4131,4164,left,incomplete
G4202-K32_clip_0000,535,4305,4352,left,complete
G4202-K32_clip_0000,543,4388,4462,left,incomplete
G4202-K32_clip_0000,554,4457,4505,right,complete
G4202-K32_clip_0000,567,4661,4697,left,complete
G4202-K32_clip_0000,638,5159,5192,left,incomplete
G4202-K32_clip_0000,643,5148,5188,left,complete
G4202-K32_clip_0000,694,5602,5661,right,incomplete
G4202-K32_clip_0000,697,5579,5609,left,incomplete
G4202-K32_clip_0000,701,5575,5588,left,incomplete
G4202-K32_clip_0000,708,5700,5759,right,complete
G4202-K32_clip_0000,711,5656,5684,left,incomplete
G4202-K32_clip_0000,721,5810,5838,left,incomplete
G4202-K32_clip_0000,724,5754,5795,right,complete
G4202-K32_clip_0001,7,1,17,left,incomplete
G4202-K32_clip_0001,9,38,90,left,complete
G4202-K32_clip_0001,39,296,349,left,complete
G4202-K32_clip_0001,46,303,331,right,incomplete
G4202-K32_clip_0001,51,407,436,left,incomplete
G4202-K32_clip_0001,54,382,426,left,complete
G4202-K32_clip_0001,61,436,467,right,incomplete
G4202-K32_clip_0001,70,468,545,left,incomplete
G4202-K32_clip_0001,84,551,592,left,incomplete
G4202-K32_clip_0001,88,645,685,left,incomplete
G4202-K32_clip_0001,102,668,711,left,incomplete
G4202-K32_clip_0001,103,688,774,right,incomplete
G4202-K32_clip_0001,110,826,885,right,incomplete
G4202-K32_clip_0001,117,862,918,right,complete
G4202-K32_clip_0001,144,1026,1062,left,complete
G4202-K32_clip_0001,162,1154,1182,right,incomplete
G4202-K32_clip_0001,170,1269,1334,right,complete
G4202-K32_clip_0001,176,1311,1340,left,complete
G4202-K32_clip_0001,193,1423,1452,left,incomplete
G4202-K32_clip_0001,204,1487,1497,right,incomplete
G4202-K32_clip_0001,202,1555,1587,left,complete
G4202-K32_clip_0001,206,1562,1595,left,complete
G4202-K32_clip_0001,208,1587,1637,right,complete
G4202-K32_clip_0001,216,1629,1659,left,incomplete
G4202-K32_clip_0001,236,1741,1796,right,complete
G4202-K32_clip_0001,253,1992,2033,right,incomplete
G4202-K32_clip_0001,271,2069,2120,right,complete
G4202-K32_clip_0001,275,2111,2161,left,incomplete
G4202-K32_clip_0001,291,2312,2349,right,incomplete
G4202-K32_clip_0001,296,2296,2348,right,incomplete
G4202-K32_clip_0001,324,2551,2587,left,incomplete
G4202-K32_clip_0001,381,2966,3036,left,complete
G4202-K32_clip_0001,387,2991,3039,left,incomplete
G4202-K32_clip_0001,396,3052,3077,left,incomplete
G4202-K32_clip_0001,397,3076,3124,right,complete
G4202-K32_clip_0001,399,3106,3140,right,incomplete
G4202-K32_clip_0001,416,3278,3340,left,incomplete
G4202-K32_clip_0001,418,3212,3268,right,incomplete
G4202-K32_clip_0001,449,3482,3507,right,incomplete
G4202-K32_clip_0001,489,3708,3747,right,incomplete
G4202-K32_clip_0001,491,3775,3813,right,incomplete
G4202-K32_clip_0001,495,3765,3803,right,incomplete
G4202-K32_clip_0001,515,3982,4018,left,complete
G4202-K32_clip_0001,520,3994,4034,right,incomplete
G4202-K32_clip_0001,525,4116,4154,left,incomplete
G4202-K32_clip_0001,540,4157,4197,left,complete
G4202-K32_clip_0001,545,4160,4204,right,complete
G4202-K32_clip_0001,548,4240,4280,right,incomplete
G4202-K32_clip_0001,575,4486,4534,left,complete
G4202-K32_clip_0001,611,4735,4783,right,incomplete
G4202-K32_clip_0001,682,5295,5316,left,incomplete
G4202-K32_clip_0001,715,5408,5438,right,incomplete
G4202-K32_clip_0001,724,5523,5549,left,incomplete
G4202-K32_clip_0001,727,5513,5568,left,complete
G4202-K32_clip_0001,736,5656,5687,left,incomplete
G4202-K32_clip_0001,743,5685,5731,left,incomplete
G4202-K32_clip_0001,745,5706,5718,right,incomplete
G4202-K32_clip_0001,750,5745,5778,left,complete
G4202-K32_clip_0001,758,5741,5810,right,incomplete
G4202-K32_clip_0001,759,5748,5777,left,incomplete
G4202-K32_clip_0001,776,5871,5898,left,incomplete
G4202-K32_clip_0001,777,5978,6000,left,incomplete
G4202-K32_clip_0002,10,1,23,right,incomplete
G4202-K32_clip_0002,28,152,181,right,incomplete
G4202-K32_clip_0002,33,122,186,right,incomplete
G4202-K32_clip_0002,78,473,570,right,incomplete
G4202-K32_clip_0002,81,487,509,left,incomplete
G4202-K32_clip_0002,86,545,620,right,incomplete
G4202-K32_clip_0002,115,845,888,right,complete
G4202-K32_clip_0002,128,885,928,right,incomplete
G4202-K32_clip_0002,140,973,1047,right,incomplete
G4202-K32_clip_0002,141,1030,1102,right,incomplete
G4202-K32_clip_0002,142,1056,1090,left,incomplete
G4202-K32_clip_0002,155,1155,1195,right,complete
G4202-K32_clip_0002,175,1242,1267,left,incomplete
G4202-K32_clip_0002,204,1530,1567,right,complete
G4202-K32_clip_0002,205,1585,1613,right,incomplete
G4202-K32_clip_0002,210,1604,1656,right,complete
G4202-K32_clip_0002,248,1819,1874,right,complete
G4202-K32_clip_0002,250,1896,1972,left,incomplete
G4202-K32_clip_0002,256,1963,2018,left,incomplete
G4202-K32_clip_0002,264,2053,2094,right,incomplete
G4202-K32_clip_0002,266,1970,1996,left,incomplete
G4202-K32_clip_0002,269,2096,2137,right,incomplete
G4202-K32_clip_0002,271,2021,2056,left,incomplete
G4202-K32_clip_0002,285,2264,2288,left,incomplete
G4202-K32_clip_0002,303,2379,2419,left,incomplete
G4202-K32_clip_0002,316,2406,2444,left,incomplete
G4202-K32_clip_0002,324,2448,2500,left,incomplete
G4202-K32_clip_0002,328,2477,2509,left,incomplete
G4202-K32_clip_0002,339,2562,2610,left,incomplete
G4202-K32_clip_0002,359,2766,2803,left,incomplete
G4202-K32_clip_0002,369,2780,2845,right,incomplete
G4202-K32_clip_0002,390,2982,3021,left,complete
G4202-K32_clip_0002,409,3139,3188,left,complete
G4202-K32_clip_0002,414,3238,3273,left,incomplete
G4202-K32_clip_0002,422,3241,3304,left,incomplete
G4202-K32_clip_0002,443,3456,3490,left,incomplete
G4202-K32_clip_0002,444,3414,3460,right,complete
G4202-K32_clip_0002,448,3526,3555,left,complete
G4202-K32_clip_0002,494,3871,3906,left,complete
G4202-K32_clip_0002,510,4014,4050,left,incomplete
G4202-K32_clip_0002,511,3982,4037,left,complete
G4202-K32_clip_0002,539,4292,4323,left,complete
G4202-K32_clip_0002,545,4322,4362,left,complete
G4202-K32_clip_0002,554,4489,4539,left,incomplete
G4202-K32_clip_0002,574,4664,4692,left,incomplete
G4202-K32_clip_0002,588,4676,4700,right,incomplete
G4202-K32_clip_0002,616,4913,4937,left,incomplete
G4202-K32_clip_0002,620,4897,4944,left,complete
G4202-K32_clip_0002,631,4966,4997,left,complete
G4202-K32_clip_0002,637,5002,5034,left,incomplete
G4202-K32_clip_0002,648,5160,5210,right,incomplete
G4202-K32_clip_0002,658,5218,5243,left,incomplete
G4202-K32_clip_0002,686,5467,5556,right,complete
G4202-K32_clip_0002,695,5522,5621,right,incomplete
G4202-K32_clip_0002,718,5642,5705,left,incomplete
G4202-K32_clip_0002,725,5801,5847,left,incomplete
G4202-K32_clip_0002,727,5822,5856,left,incomplete
G4202-K32_clip_0002,731,5773,5813,left,complete
G4202-K32_clip_0002,742,5878,5938,left,complete
G4202-K32_clip_0003,24,46,80,left,incomplete
G4202-K32_clip_0003,27,77,123,left,complete
G4202-K32_clip_0003,25,212,222,left,incomplete
G4202-K32_clip_0003,48,283,335,right,complete
G4202-K32_clip_0003,72,392,417,left,incomplete
G4202-K32_clip_0003,88,610,629,right,incomplete
G4202-K32_clip_0003,93,701,732,right,incomplete
G4202-K32_clip_0003,99,673,706,left,incomplete
G4202-K32_clip_0003,104,761,818,left,incomplete
G4202-K32_clip_0003,148,1057,1099,right,incomplete
G4202-K32_clip_0003,156,1219,1253,right,complete
G4202-K32_clip_0003,182,1345,1379,left,complete
G4202-K32_clip_0003,183,1375,1411,right,incomplete
G4202-K32_clip_0003,192,1413,1457,right,incomplete
G4202-K32_clip_0003,207,1481,1514,right,incomplete
G4202-K32_clip_0003,221,1709,1743,left,incomplete
G4202-K32_clip_0003,234,1700,1738,right,incomplete
G4202-K32_clip_0003,269,2030,2051,right,incomplete
G4202-K32_clip_0003,272,2072,2113,left,complete
G4202-K32_clip_0003,310,2295,2363,right,incomplete
G4202-K32_clip_0003,315,2324,2367,right,complete
G4202-K32_clip_0003,319,2367,2382,right,incomplete
G4202-K32_clip_0003,343,2524,2562,left,incomplete
G4202-K32_clip_0003,352,2575,2607,left,incomplete
G4202-K32_clip_0003,384,2931,2985,left,incomplete
G4202-K32_clip_0003,398,2984,3018,left,complete
G4202-K32_clip_0003,401,2967,3045,left,complete
G4202-K32_clip_0003,412,3052,3115,left,complete
G4202-K32_clip_0003,417,3126,3183,left,incomplete
G4202-K32_clip_0003,418,3102,3152,left,complete
G4202-K32_clip_0003,428,3116,3156,right,incomplete
G4202-K32_clip_0003,434,3217,3263,left,complete
G4202-K32_clip_0003,435,3241,3267,left,incomplete
G4202-K32_clip_0003,436,3247,3276,left,complete
G4202-K32_clip_0003,493,3697,3714,left,incomplete
G4202-K32_clip_0003,510,3764,3803,right,complete
G4202-K32_clip_0003,520,3849,3912,right,complete
G4202-K32_clip_0003,577,4249,4286,left,complete
G4202-K32_clip_0003,603,4431,4487,right,incomplete
G4202-K32_clip_0003,617,4492,4583,left,incomplete
G4202-K32_clip_0003,614,4606,4639,right,incomplete
G4202-K32_clip_0003,630,4655,4697,left,incomplete
G4202-K32_clip_0003,643,4770,4823,right,incomplete
G4202-K32_clip_0003,650,4867,4885,right,incomplete
G4202-K32_clip_0003,674,4978,5020,left,complete
G4202-K32_clip_0003,709,5275,5318,right,complete
G4202-K32_clip_0003,715,5251,5309,left,complete
G4202-K32_clip_0003,758,5618,5670,right,complete
G4202-K32_clip_0003,783,5804,5863,left,incomplete
G4202-K32_clip_0004,68,479,532,right,incomplete
G4202-K32_clip_0004,94,582,604,right,incomplete
G4202-K32_clip_0004,116,732,776,left,incomplete
G4202-K32_clip_0004,125,810,843,left,incomplete
G4202-K32_clip_0004,141,970,1038,right,incomplete
G4202-K32_clip_0004,148,1066,1118,left,complete
G4202-K32_clip_0004,166,1170,1183,left,incomplete
G4202-K32_clip_0004,187,1325,1351,left,incomplete
G4202-K32_clip_0004,215,1617,1657,left,complete
G4202-K32_clip_0004,226,1721,1753,right,incomplete
G4202-K32_clip_0004,252,1816,1860,left,incomplete
G4202-K32_clip_0004,294,2150,2176,right,incomplete
G4202-K32_clip_0004,300,2198,2253,left,incomplete
G4202-K32_clip_0004,322,2428,2449,right,incomplete
G4202-K32_clip_0004,327,2419,2459,right,complete
G4202-K32_clip_0004,384,2869,2898,right,incomplete
G4202-K32_clip_0004,398,2997,3007,right,incomplete
G4202-K32_clip_0004,402,3049,3086,left,complete
G4202-K32_clip_0004,403,2985,3018,left,complete
G4202-K32_clip_0004,411,3088,3134,right,incomplete
G4202-K32_clip_0004,421,3196,3230,right,incomplete
G4202-K32_clip_0004,422,3220,3250,left,complete
G4202-K32_clip_0004,428,3242,3272,right,incomplete
G4202-K32_clip_0004,435,3249,3299,right,complete
G4202-K32_clip_0004,438,3290,3309,right,incomplete
G4202-K32_clip_0004,447,3315,3340,left,incomplete
G4202-K32_clip_0004,449,3323,3358,left,incomplete
G4202-K32_clip_0004,469,3454,3498,right,incomplete
G4202-K32_clip_0004,471,3558,3626,right,incomplete
G4202-K32_clip_0004,487,3634,3685,left,incomplete
G4202-K32_clip_0004,489,3675,3699,left,incomplete
G4202-K32_clip_0004,499,3697,3731,left,complete
G4202-K32_clip_0004,518,3871,3900,left,incomplete
G4202-K32_clip_0004,566,4179,4216,right,complete
G4202-K32_clip_0004,574,4249,4286,left,incomplete
G4202-K32_clip_0004,576,4229,4276,left,incomplete
G4202-K32_clip_0004,577,4337,4359,left,incomplete
G4202-K32_clip_0004,587,4341,4367,left,incomplete
G4202-K32_clip_0004,607,4477,4537,right,incomplete
G4202-K32_clip_0004,644,4844,4872,left,complete
G4202-K32_clip_0004,662,4951,4989,right,incomplete
G4202-K32_clip_0004,662,5016,5027,right,incomplete
G4202-K32_clip_0004,689,5151,5177,right,incomplete
G4202-K32_clip_0004,693,5358,5384,left,incomplete
G4202-K32_clip_0004,694,5218,5267,right,complete
G4202-K32_clip_0004,700,5278,5318,left,complete
G4202-K32_clip_0004,703,5322,5380,left,complete
G4202-K32_clip_0004,708,5435,5479,right,complete
G4202-K32_clip_0004,715,5394,5435,right,complete
G4202-K32_clip_0004,718,5584,5610,left,incomplete
G4202-K32_clip_0004,721,5491,5524,left,incomplete
G4202-K32_clip_0004,730,5501,5536,right,incomplete
G4202-K32_clip_0004,730,5577,5590,right,incomplete
G4202-K32_clip_0004,789,5977,5996,left,incomplete
G4202-K32_clip_0005,29,177,207,left,complete
G4202-K32_clip_0005,31,102,118,right,incomplete
G4202-K32_clip_0005,35,120,138,right,incomplete
G4202-K32_clip_0005,40,163,225,right,incomplete
G4202-K32_clip_0005,46,221,293,right,incomplete
G4202-K32_clip_0005,47,268,299,right,incomplete
G4202-K32_clip_0005,68,414,454,right,complete
G4202-K32_clip_0005,69,462,475,right,incomplete
G4202-K32_clip_0005,113,740,750,left,incomplete
G4202-K32_clip_0005,148,942,977,right,incomplete
G4202-K32_clip_0005,148,1044,1056,right,incomplete
G4202-K32_clip_0005,181,1153,1211,right,incomplete
G4202-K32_clip_0005,184,1223,1259,right,incomplete
G4202-K32_clip_0005,190,1238,1281,left,complete
G4202-K32_clip_0005,205,1382,1445,right,incomplete
G4202-K32_clip_0005,209,1310,1355,left,incomplete
G4202-K32_clip_0005,226,1565,1625,right,incomplete
G4202-K32_clip_0005,231,1641,1666,left,incomplete
G4202-K32_clip_0005,234,1542,1549,left,incomplete
G4202-K32_clip_0005,234,1574,1611,left,complete
G4202-K32_clip_0005,236,1575,1636,left,complete
G4202-K32_clip_0005,248,1653,1697,right,incomplete
G4202-K32_clip_0005,251,1674,1713,right,incomplete
G4202-K32_clip_0005,293,2003,2079,right,complete
G4202-K32_clip_0005,321,2130,2168,right,incomplete
G4202-K32_clip_0005,337,2222,2304,right,incomplete
G4202-K32_clip_0005,413,2777,2827,right,incomplete
G4202-K32_clip_0005,414,2801,2923,left,incomplete
G4202-K32_clip_0005,423,2858,2880,left,incomplete
G4202-K32_clip_0005,435,2979,3023,right,complete
G4202-K32_clip_0005,455,3141,3152,left,incomplete
G4202-K32_clip_0005,465,3302,3340,left,incomplete
G4202-K32_clip_0005,507,3649,3702,left,complete
G4202-K32_clip_0005,514,3709,3752,left,incomplete
G4202-K32_clip_0005,516,3785,3837,right,complete
G4202-K32_clip_0005,532,3862,3884,right,incomplete
G4202-K32_clip_0005,543,4013,4045,left,incomplete
G4202-K32_clip_0005,544,3982,4030,right,incomplete
G4202-K32_clip_0005,601,4405,4425,left,incomplete
G4202-K32_clip_0005,608,4563,4591,left,incomplete
G4202-K32_clip_0005,615,4490,4525,left,incomplete
G4202-K32_clip_0005,630,4630,4652,right,complete
G4202-K32_clip_0005,652,4920,4939,left,incomplete
G4202-K32_clip_0005,662,4972,4996,left,incomplete
G4202-K32_clip_0005,668,5036,5077,right,complete
G4202-K32_clip_0005,675,4970,4985,left,incomplete
G4202-K32_clip_0005,695,5148,5187,right,complete
G4202-K32_clip_0005,705,5214,5295,right,incomplete
G4202-K32_clip_0005,712,5410,5432,left,incomplete
G4202-K32_clip_0005,726,5433,5495,right,complete
G4202-K32_clip_0005,742,5541,5581,left,incomplete
G4202-K32_clip_0005,747,5640,5670,left,incomplete
G4202-K32_clip_0005,752,5695,5716,left,incomplete
G4202-K32_clip_0005,774,5770,5799,right,incomplete
G4202-K32_clip_0005,778,5870,5893,left,complete
G4202-K32_clip_0005,778,5912,5932,left,incomplete
G4202-K32_clip_0006,11,1,7,left,incomplete
G4202-K32_clip_0006,15,1,41,left,incomplete
G4202-K32_clip_0006,24,166,236,right,complete
G4202-K32_clip_0006,30,146,177,right,incomplete
G4202-K32_clip_0006,33,244,319,right,incomplete
G4202-K32_clip_0006,39,297,330,right,complete
G4202-K32_clip_0006,43,386,404,left,incomplete
G4202-K32_clip_0006,73,649,674,left,complete
G4202-K32_clip_0006,110,1033,1050,right,incomplete
G4202-K32_clip_0006,116,1068,1111,right,incomplete
G4202-K32_clip_0006,128,1146,1184,right,complete
G4202-K32_clip_0006,145,1281,1330,left,incomplete
G4202-K32_clip_0006,154,1299,1333,left,incomplete
G4202-K32_clip_0006,171,1499,1568,left,incomplete
G4202-K32_clip_0006,193,1696,1720,left,incomplete
G4202-K32_clip_0006,226,1861,1927,right,incomplete
G4202-K32_clip_0006,249,1988,2037,left,complete
G4202-K32_clip_0006,257,2126,2211,right,incomplete
G4202-K32_clip_0006,276,2182,2233,right,complete
G4202-K32_clip_0006,313,2537,2570,left,complete
G4202-K32_clip_0006,330,2686,2711,left,incomplete
G4202-K32_clip_0006,366,2978,3024,right,complete
G4202-K32_clip_0006,375,3068,3105,right,incomplete
G4202-K32_clip_0006,389,3186,3250,left,complete
G4202-K32_clip_0006,400,3286,3328,left,complete
G4202-K32_clip_0006,407,3377,3401,right,incomplete
G4202-K32_clip_0006,510,4128,4194,left,complete
G4202-K32_clip_0006,554,4455,4479,right,incomplete
G4202-K32_clip_0006,556,4478,4537,right,complete
G4202-K32_clip_0006,555,4529,4573,left,incomplete
G4202-K32_clip_0006,565,4563,4617,left,incomplete
G4202-K32_clip_0006,568,4661,4700,left,incomplete
G4202-K32_clip_0006,574,4715,4766,left,incomplete
G4202-K32_clip_0006,582,4754,4788,right,incomplete
G4202-K32_clip_0006,590,4776,4810,right,complete
G4202-K32_clip_0006,591,4886,4918,left,incomplete
G4202-K32_clip_0006,600,4879,4904,left,incomplete
G4202-K32_clip_0006,600,4928,4957,left,incomplete
G4202-K32_clip_0006,624,5180,5199,left,incomplete
G4202-K32_clip_0006,625,5213,5253,right,incomplete
G4202-K32_clip_0006,628,5256,5285,right,incomplete
G4202-K32_clip_0006,639,5268,5336,left,incomplete
G4202-K32_clip_0006,668,5508,5537,right,incomplete
G4202-K32_clip_0006,671,5527,5589,right,complete
G4202-K32_clip_0006,669,5634,5688,right,incomplete
G4202-K32_clip_0006,675,5619,5648,left,incomplete
G4202-K32_clip_0006,685,5652,5696,right,incomplete
G4202-K32_clip_0006,711,5836,5864,right,incomplete
G4202-K32_clip_0006,713,5845,5879,left,incomplete
G4202-K32_clip_0006,712,5940,5970,right,incomplete
G4202-K32_clip_0006,717,5926,5955,left,incomplete
G4202-K32_clip_0007,5,2,62,right,incomplete
G4202-K32_clip_0007,9,1,2,right,incomplete
G4202-K32_clip_0007,12,3,38,right,complete
G4202-K32_clip_0007,31,133,163,left,incomplete
G4202-K32_clip_0007,67,471,526,left,complete
G4202-K32_clip_0007,74,512,590,left,complete
G4202-K32_clip_0007,77,516,586,right,incomplete
G4202-K32_clip_0007,91,639,676,left,complete
G4202-K32_clip_0007,110,785,842,right,complete
G4202-K32_clip_0007,120,887,941,left,incomplete
G4202-K32_clip_0007,131,945,963,left,incomplete
G4202-K32_clip_0007,169,1343,1361,left,incomplete
G4202-K32_clip_0007,188,1449,1496,right,complete
G4202-K32_clip_0007,189,1456,1522,right,incomplete
G4202-K32_clip_0007,197,1509,1565,left,complete
G4202-K32_clip_0007,203,1553,1602,right,complete
G4202-K32_clip_0007,204,1642,1704,right,complete
G4202-K32_clip_0007,211,1610,1636,left,incomplete
G4202-K32_clip_0007,240,1812,1840,left,incomplete
G4202-K32_clip_0007,252,1901,1926,left,incomplete
G4202-K32_clip_0007,252,1956,1988,left,incomplete
G4202-K32_clip_0007,267,2043,2086,left,incomplete
G4202-K32_clip_0007,306,2304,2350,left,incomplete
G4202-K32_clip_0007,316,2439,2476,left,incomplete
G4202-K32_clip_0007,322,2432,2469,left,complete
G4202-K32_clip_0007,332,2520,2549,left,complete
G4202-K32_clip_0007,336,2556,2591,right,complete
G4202-K32_clip_0007,338,2580,2618,left,complete
G4202-K32_clip_0007,346,2693,2723,right,incomplete
G4202-K32_clip_0007,357,2716,2758,left,complete
G4202-K32_clip_0007,379,2947,2986,right,incomplete
G4202-K32_clip_0007,385,2968,3035,right,complete
G4202-K32_clip_0007,410,3273,3312,left,incomplete
G4202-K32_clip_0007,422,3379,3418,left,complete
G4202-K32_clip_0007,461,3593,3629,left,incomplete
G4202-K32_clip_0007,468,3738,3774,left,complete
G4202-K32_clip_0007,473,3665,3708,right,incomplete
G4202-K32_clip_0007,472,3742,3789,left,complete
G4202-K32_clip_0007,514,3980,4009,right,incomplete
G4202-K32_clip_0007,519,4092,4107,right,incomplete
G4202-K32_clip_0007,542,4298,4335,left,complete
G4202-K32_clip_0007,566,4520,4541,right,incomplete
G4202-K32_clip_0007,569,4603,4641,left,incomplete
G4202-K32_clip_0007,570,4608,4652,left,complete
G4202-K32_clip_0007,572,4561,4579,left,incomplete
G4202-K32_clip_0007,578,4683,4732,right,incomplete
G4202-K32_clip_0007,579,4691,4739,right,complete
G4202-K32_clip_0007,580,4711,4746,left,incomplete
G4202-K32_clip_0007,600,4837,4860,left,incomplete
G4202-K32_clip_0007,609,4915,4977,left,complete
G4202-K32_clip_0007,629,5150,5189,right,incomplete
G4202-K32_clip_0007,676,5471,5490,right,incomplete
G4202-K32_clip_0007,722,5820,5859,left,incomplete
G4202-K32_clip_0007,726,5907,5958,right,complete
G4202-K32_clip_0007,733,5950,5975,left,incomplete
G4202-K32_clip_0007,738,5998,6000,right,incomplete
G4202-K32_clip_0008,1,1,18,left,incomplete
G4202-K32_clip_0008,28,209,260,left,complete
G4202-K32_clip_0008,38,284,328,right,complete
G4202-K32_clip_0008,44,322,348,right,incomplete
G4202-K32_clip_0008,50,355,418,right,complete
G4202-K32_clip_0008,51,473,527,right,incomplete
G4202-K32_clip_0008,61,482,524,left,incomplete
G4202-K32_clip_0008,64,481,490,left,incomplete
G4202-K32_clip_0008,71,534,553,left,incomplete
G4202-K32_clip_0008,72,615,658,right,incomplete
G4202-K32_clip_0008,88,773,807,right,complete
G4202-K32_clip_0008,127,1003,1035,left,complete
G4202-K32_clip_0008,126,1062,1107,right,complete
G4202-K32_clip_0008,129,986,1010,left,incomplete
G4202-K32_clip_0008,147,1240,1283,right,complete
G4202-K32_clip_0008,155,1230,1268,left,incomplete
G4202-K32_clip_0008,179,1328,1390,left,incomplete
G4202-K32_clip_0008,207,1614,1661,left,incomplete
G4202-K32_clip_0008,219,1883,1912,left,incomplete
G4202-K32_clip_0008,221,1773,1817,right,complete
G4202-K32_clip_0008,239,1897,1935,left,incomplete
G4202-K32_clip_0008,248,2075,2104,left,incomplete
G4202-K32_clip_0008,258,2099,2146,right,complete
G4202-K32_clip_0008,263,2242,2289,left,incomplete
G4202-K32_clip_0008,282,2368,2417,right,complete
G4202-K32_clip_0008,306,2541,2565,right,incomplete
G4202-K32_clip_0008,311,2632,2680,right,complete
G4202-K32_clip_0008,351,2819,2875,right,complete
G4202-K32_clip_0008,372,2989,3014,left,complete
G4202-K32_clip_0008,373,3029,3057,right,incomplete
G4202-K32_clip_0008,385,3107,3151,right,incomplete
G4202-K32_clip_0008,406,3319,3366,right,complete
G4202-K32_clip_0008,414,3321,3351,left,incomplete
G4202-K32_clip_0008,446,3575,3630,left,incomplete
G4202-K32_clip_0008,468,3706,3733,right,incomplete
G4202-K32_clip_0008,472,3743,3796,left,complete
G4202-K32_clip_0008,473,3853,3899,left,incomplete
G4202-K32_clip_0008,480,3815,3851,right,incomplete
G4202-K32_clip_0008,529,4170,4183,right,incomplete
G4202-K32_clip_0008,533,4182,4219,right,incomplete
G4202-K32_clip_0008,540,4361,4430,right,incomplete
G4202-K32_clip_0008,565,4434,4463,left,incomplete
G4202-K32_clip_0008,573,4508,4550,right,complete
G4202-K32_clip_0008,599,4761,4803,left,complete
G4202-K32_clip_0008,602,4720,4746,left,incomplete
G4202-K32_clip_0008,654,5110,5158,left,complete
G4202-K32_clip_0008,673,5325,5349,left,incomplete
G4202-K32_clip_0008,685,5351,5453,left,incomplete
G4202-K32_clip_0008,688,5365,5389,left,incomplete
G4202-K32_clip_0008,720,5717,5748,right,complete
G4202-K32_clip_0008,769,5974,6000,right,incomplete
G4202-K32_clip_0009,21,9,24,left,incomplete
G4202-K32_clip_0009,62,397,453,right,complete
G4202-K32_clip_0009,74,482,541,right,complete
G4202-K32_clip_0009,78,461,508,left,complete
G4202-K32_clip_0009,117,846,890,right,incomplete
G4202-K32_clip_0009,127,889,974,right,incomplete
G4202-K32_clip_0009,142,947,962,left,incomplete
G4202-K32_clip_0009,149,1075,1125,left,complete
G4202-K32_clip_0009,154,1089,1129,left,incomplete
G4202-K32_clip_0009,186,1274,1298,left,incomplete
G4202-K32_clip_0009,190,1327,1359,right,complete
G4202-K32_clip_0009,191,1318,1375,right,incomplete
G4202-K32_clip_0009,195,1476,1502,right,incomplete
G4202-K32_clip_0009,209,1519,1566,left,incomplete
G4202-K32_clip_0009,221,1701,1741,left,incomplete
G4202-K32_clip_0009,246,1791,1854,right,incomplete
G4202-K32_clip_0009,262,1920,1973,left,complete
G4202-K32_clip_0009,272,2089,2129,right,incomplete
G4202-K32_clip_0009,276,2047,2088,right,complete
G4202-K32_clip_0009,279,2072,2116,right,complete
G4202-K32_clip_0009,298,2263,2285,right,incomplete
G4202-K32_clip_0009,303,2325,2353,left,complete
G4202-K32_clip_0009,317,2371,2439,right,incomplete
G4202-K32_clip_0009,318,2496,2557,right,incomplete
G4202-K32_clip_0009,323,2404,2432,right,incomplete
G4202-K32_clip_0009,347,2600,2668,right,incomplete
G4202-K32_clip_0009,377,2892,2916,left,incomplete
G4202-K32_clip_0009,387,2981,3021,left,complete
G4202-K32_clip_0009,391,2918,2946,left,incomplete
G4202-K32_clip_0009,400,3056,3114,right,complete
G4202-K32_clip_0009,427,3266,3286,right,incomplete
G4202-K32_clip_0009,430,3303,3348,left,complete
G4202-K32_clip_0009,436,3278,3286,left,incomplete
G4202-K32_clip_0009,447,3452,3492,left,incomplete
G4202-K32_clip_0009,450,3398,3430,left,incomplete
G4202-K32_clip_0009,453,3423,3437,left,incomplete
G4202-K32_clip_0009,456,3555,3576,left,incomplete
G4202-K32_clip_0009,484,3803,3820,left,incomplete
G4202-K32_clip_0009,502,3858,3903,right,incomplete
G4202-K32_clip_0009,504,3934,3967,right,incomplete
G4202-K32_clip_0009,505,3857,3925,left,incomplete
G4202-K32_clip_0009,517,3975,4020,left,complete
G4202-K32_clip_0009,525,3999,4038,left,incomplete
G4202-K32_clip_0009,532,4095,4134,left,complete
G4202-K32_clip_0009,562,4395,4439,left,complete
G4202-K32_clip_0009,569,4366,4412,left,incomplete
G4202-K32_clip_0009,654,5127,5194,left,incomplete
G4202-K32_clip_0009,655,5133,5171,right,incomplete
G4202-K32_clip_0009,663,5200,5244,right,incomplete
G4202-K32_clip_0009,668,5216,5258,right,incomplete
G4202-K32_clip_0009,674,5274,5362,right,incomplete
G4202-K32_clip_0009,692,5445,5508,right,incomplete
G4202-K32_clip_0009,700,5487,5534,left,incomplete
G4202-K32_clip_0009,708,5482,5518,left,incomplete
G4202-K32_clip_0009,731,5684,5730,left,incomplete
G4202-K32_clip_0009,734,5697,5763,left,incomplete
G4202-K32_clip_0009,743,5783,5819,left,complete
G4202-K32_clip_0009,751,5952,5985,right,incomplete
G4202-K32_clip_0009,754,5893,5934,right,complete
G4202-K32_clip_0010,11,32,62,left,incomplete
G4202-K32_clip_0010,13,1,17,left,incomplete
G4202-K32_clip_0010,16,77,109,left,incomplete
G4202-K32_clip_0010,57,311,356,left,complete
G4202-K32_clip_0010,61,349,408,left,complete
G4202-K32_clip_0010,78,459,471,left,incomplete
G4202-K32_clip_0010,120,848,880,right,complete
G4202-K32_clip_0010,121,827,883,left,incomplete
G4202-K32_clip_0010,133,884,900,right,incomplete
G4202-K32_clip_0010,155,1113,1148,right,complete
G4202-K32_clip_0010,171,1196,1225,left,complete
G4202-K32_clip_0010,170,1307,1333,left,incomplete
G4202-K32_clip_0010,205,1413,1450,left,incomplete
G4202-K32_clip_0010,234,1703,1781,right,incomplete
G4202-K32_clip_0010,249,1763,1784,right,incomplete
G4202-K32_clip_0010,252,1850,1868,right,incomplete
G4202-K32_clip_0010,269,1955,2004,left,incomplete
G4202-K32_clip_0010,275,2095,2133,right,incomplete
G4202-K32_clip_0010,312,2320,2365,left,incomplete
G4202-K32_clip_0010,333,2508,2548,right,incomplete
G4202-K32_clip_0010,359,2661,2672,right,incomplete
G4202-K32_clip_0010,363,2724,2759,left,complete
G4202-K32_clip_0010,364,2720,2772,left,complete
G4202-K32_clip_0010,366,2709,2729,right,incomplete
G4202-K32_clip_0010,374,2819,2862,right,complete
G4202-K32_clip_0010,383,2891,2911,left,incomplete
G4202-K32_clip_0010,393,2972,3031,right,complete
G4202-K32_clip_0010,401,3135,3184,right,complete
G4202-K32_clip_0010,408,3142,3181,left,incomplete
G4202-K32_clip_0010,410,3095,3146,left,incomplete
G4202-K32_clip_0010,417,3223,3269,left,incomplete
G4202-K32_clip_0010,462,3513,3543,left,complete
G4202-K32_clip_0010,468,3554,3621,right,complete
G4202-K32_clip_0010,473,3540,3557,right,incomplete
G4202-K32_clip_0010,533,4117,4155,right,complete
G4202-K32_clip_0010,540,4205,4240,right,incomplete
G4202-K32_clip_0010,558,4325,4351,left,incomplete
G4202-K32_clip_0010,598,4524,4560,left,incomplete
G4202-K32_clip_0010,608,4608,4645,right,complete
G4202-K32_clip_0010,618,4688,4720,right,complete
G4202-K32_clip_0010,636,4919,4944,left,incomplete
G4202-K32_clip_0010,657,5095,5112,right,incomplete
G4202-K32_clip_0010,670,5232,5262,left,incomplete
G4202-K32_clip_0010,755,5852,5900,left,complete
G4202-K32_clip_0010,759,5852,5884,left,complete
G4202-K32_clip_0010,760,5857,5904,left,complete
G4202-K32_clip_0011,11,1,53,right,incomplete
G4202-K32_clip_0011,13,1,25,left,incomplete
G4202-K32_clip_0011,87,569,604,left,complete
G4202-K32_clip_0011,130,925,970,right,incomplete
G4202-K32_clip_0011,147,1115,1149,right,incomplete
G4202-K32_clip_0011,190,1328,1384,right,incomplete
G4202-K32_clip_0011,200,1450,1503,right,incomplete
G4202-K32_clip_0011,219,1559,1591,left,incomplete
G4202-K32_clip_0011,226,1571,1592,right,incomplete
G4202-K32_clip_0011,229,1715,1753,left,complete
G4202-K32_clip_0011,230,1607,1629,right,incomplete
G4202-K32_clip_0011,252,1801,1851,left,complete
G4202-K32_clip_0011,263,1958,2009,right,incomplete
G4202-K32_clip_0011,318,2261,2316,left,incomplete
G4202-K32_clip_0011,328,2337,2354,left,incomplete
G4202-K32_clip_0011,364,2690,2738,left,incomplete
G4202-K32_clip_0011,406,2976,3026,left,complete
G4202-K32_clip_0011,442,3245,3275,left,complete
G4215-K12_clip_0000,20,466,516,right,incomplete
G4215-K12_clip_0000,22,503,535,right,incomplete
G4215-K12_clip_0000,21,531,601,left,complete
G4215-K12_clip_0000,34,1032,1063,left,incomplete
G4215-K12_clip_0000,38,1091,1138,right,incomplete
G4215-K12_clip_0000,44,1553,1611,right,incomplete
G4215-K12_clip_0000,47,1589,1618,left,incomplete
G4215-K12_clip_0000,57,1965,2001,right,incomplete
G4215-K12_clip_0000,59,1992,2059,left,incomplete
G4215-K12_clip_0000,68,2238,2271,left,incomplete
G4215-K12_clip_0000,83,2643,2679,left,incomplete
G4215-K12_clip_0000,94,3055,3113,right,incomplete
G4215-K12_clip_0000,125,4335,4387,right,incomplete
G4215-K12_clip_0000,128,4381,4418,right,incomplete
G4215-K12_clip_0000,140,4778,4812,right,incomplete
G4215-K12_clip_0000,151,5156,5180,right,incomplete
G4215-K12_clip_0000,157,5395,5430,right,incomplete
G4215-K12_clip_0000,181,5854,5865,left,incomplete
G4215-K12_clip_0001,7,64,107,left,incomplete
G4215-K12_clip_0001,33,1152,1271,right,incomplete
G4215-K12_clip_0001,79,2364,2402,right,incomplete
G4215-K12_clip_0001,88,2982,3020,right,complete
G4215-K12_clip_0001,97,3248,3276,right,incomplete
G4215-K12_clip_0001,116,3810,3846,right,complete
G4215-K12_clip_0001,119,3853,3900,left,incomplete
G4215-K12_clip_0001,133,4281,4378,right,incomplete
G4215-K12_clip_0001,142,4459,4502,left,incomplete
G4215-K12_clip_0001,158,5007,5030,left,incomplete
G4215-K12_clip_0001,160,4972,5001,left,incomplete
G4215-K12_clip_0001,168,5255,5312,right,complete
G4215-K12_clip_0001,193,5822,5881,right,incomplete
G4215-K12_clip_0002,29,885,979,left,incomplete
G4215-K12_clip_0002,33,1044,1150,left,incomplete
G4215-K12_clip_0002,36,1424,1488,left,incomplete
G4215-K12_clip_0002,77,2961,3041,left,complete
G4215-K12_clip_0002,85,3222,3245,left,incomplete
G4215-K12_clip_0002,89,3379,3406,left,incomplete
G4215-K12_clip_0002,92,3439,3499,left,complete
G4215-K12_clip_0002,102,3661,3733,right,incomplete
G4215-K12_clip_0002,105,3843,3862,right,incomplete
G4215-K12_clip_0002,120,4461,4493,right,incomplete
G4215-K12_clip_0002,130,4554,4587,left,incomplete
G4215-K12_clip_0002,132,4604,4678,left,complete
G4215-K12_clip_0003,37,1448,1492,left,complete
G4215-K12_clip_0003,60,2116,2194,left,incomplete
G4215-K12_clip_0003,92,3249,3269,right,incomplete
G4215-K12_clip_0003,97,3353,3373,left,incomplete
G4215-K12_clip_0003,97,3433,3463,left,incomplete
G4215-K12_clip_0003,102,3696,3749,right,incomplete
G4215-K12_clip_0003,129,4574,4631,left,incomplete
G4215-K12_clip_0003,164,5479,5567,left,incomplete
G4215-K12_clip_0003,166,5505,5556,right,incomplete
G4215-K12_clip_0004,18,676,712,right,incomplete
G4215-K12_clip_0004,24,717,748,right,incomplete
G4215-K12_clip_0004,54,1447,1473,left,incomplete
G4215-K12_clip_0004,68,1734,1754,left,incomplete
G4215-K12_clip_0004,71,1826,1883,right,complete
G4215-K12_clip_0004,73,1863,1913,right,complete
G4215-K12_clip_0004,95,2977,3025,right,incomplete
G4215-K12_clip_0004,132,4569,4629,right,complete
G4215-K12_clip_0004,141,5255,5301,right,incomplete
G4215-K12_clip_0004,147,5469,5580,right,incomplete
G4215-K12_clip_0005,2,46,100,right,incomplete
G4215-K12_clip_0005,19,283,320,left,complete
G4215-K12_clip_0005,22,445,529,right,incomplete
G4215-K12_clip_0005,34,627,647,left,incomplete
G4215-K12_clip_0005,40,813,874,right,complete
G4215-K12_clip_0005,51,1082,1104,left,incomplete
G4215-K12_clip_0005,64,1333,1359,right,incomplete
G4215-K12_clip_0005,65,1460,1478,left,incomplete
G4215-K12_clip_0005,78,1627,1705,right,complete
G4215-K12_clip_0005,84,1849,1901,left,complete
G4215-K12_clip_0005,108,2403,2428,right,complete
G4215-K12_clip_0005,117,2773,2800,left,incomplete
G4215-K12_clip_0005,128,2979,3040,right,incomplete
G4215-K12_clip_0005,134,3187,3255,right,incomplete
G4215-K12_clip_0005,133,3247,3290,right,complete
G4215-K12_clip_0005,138,3264,3317,right,complete
G4215-K12_clip_0005,145,3344,3382,right,complete
G4215-K12_clip_0005,148,3390,3444,right,complete
G4215-K12_clip_0005,167,3695,3733,left,complete
G4215-K12_clip_0005,171,3752,3784,right,incomplete
G4215-K12_clip_0005,172,3753,3769,right,incomplete
G4215-K12_clip_0005,177,3896,3924,right,complete
G4215-K12_clip_0005,178,3913,3990,right,complete
G4215-K12_clip_0005,200,4464,4503,right,complete
G4215-K12_clip_0005,207,4652,4696,right,incomplete
G4215-K12_clip_0005,212,4703,4757,right,complete
G4215-K12_clip_0005,233,5156,5201,right,incomplete
G4215-K12_clip_0005,242,5299,5386,right,incomplete
G4215-K12_clip_0005,246,5438,5490,left,incomplete
G4215-K12_clip_0005,271,5999,6000,right,incomplete
G4215-K12_clip_0006,10,147,202,right,incomplete
G4215-K12_clip_0006,17,292,315,left,incomplete
G4215-K12_clip_0006,32,546,600,left,incomplete
G4215-K12_clip_0006,37,632,710,left,incomplete
G4215-K12_clip_0006,51,881,919,right,incomplete
G4215-K12_clip_0006,97,1673,1705,right,complete
G4215-K12_clip_0006,105,1820,1864,right,complete
G4215-K12_clip_0006,110,1849,1880,left,incomplete
G4215-K12_clip_0006,117,1998,2051,right,complete
G4215-K12_clip_0006,123,2244,2270,right,incomplete
G4215-K12_clip_0006,127,2324,2370,right,incomplete
G4215-K12_clip_0006,146,2727,2769,left,incomplete
G4215-K12_clip_0006,161,2986,3017,right,incomplete
G4215-K12_clip_0006,179,3402,3447,right,incomplete
G4215-K12_clip_0006,204,4131,4166,right,complete
G4215-K12_clip_0006,207,4284,4315,right,incomplete
G4215-K12_clip_0006,208,4313,4344,right,incomplete
G4215-K12_clip_0006,214,4309,4325,right,incomplete
G4215-K12_clip_0006,214,4348,4384,right,complete
G4215-K12_clip_0006,216,4445,4504,right,incomplete
G4215-K12_clip_0006,221,4511,4551,left,complete
G4215-K12_clip_0006,225,4685,4708,left,incomplete
G4215-K12_clip_0006,231,4865,4922,right,complete
G4215-K12_clip_0006,244,5044,5072,left,incomplete
G4215-K12_clip_0006,251,5211,5232,right,incomplete
G4215-K12_clip_0006,255,5556,5579,right,incomplete
G4215-K12_clip_0006,263,5763,5800,right,complete
G4215-K12_clip_0006,266,5753,5795,left,incomplete
G4215-K12_clip_0007,7,122,138,left,complete
G4215-K12_clip_0007,7,155,177,left,incomplete
G4215-K12_clip_0007,15,228,312,right,incomplete
G4215-K12_clip_0007,31,736,754,right,incomplete
G4215-K12_clip_0007,40,1086,1144,left,incomplete
G4215-K12_clip_0007,49,1231,1276,right,complete
G4215-K12_clip_0007,68,1480,1510,right,incomplete
G4215-K12_clip_0007,78,1706,1762,right,complete
G4215-K12_clip_0007,105,2319,2356,left,incomplete
G4215-K12_clip_0007,115,2563,2625,right,incomplete
G4215-K12_clip_0007,116,2602,2675,right,complete
G4215-K12_clip_0007,131,2981,3021,left,complete
G4215-K12_clip_0007,133,3080,3144,left,incomplete
G4215-K12_clip_0007,135,3182,3217,right,complete
G4215-K12_clip_0007,147,3464,3481,right,incomplete
G4215-K12_clip_0007,160,3968,4005,right,incomplete
G4215-K12_clip_0007,163,3973,4011,left,incomplete
G4215-K12_clip_0007,178,4617,4637,left,incomplete
G4215-K12_clip_0007,181,4618,4684,right,incomplete
G4215-K12_clip_0007,199,5202,5294,right,incomplete
S2-K152_clip_0000,24,345,365,right,incomplete
S2-K152_clip_0000,31,591,614,right,incomplete
S2-K152_clip_0000,69,1771,1798,right,incomplete
S2-K152_clip_0000,80,2036,2084,right,complete
S2-K152_clip_0000,83,2031,2074,left,incomplete
S2-K152_clip_0000,128,3421,3458,left,incomplete
S2-K152_clip_0000,137,3507,3535,left,incomplete
S2-K152_clip_0000,145,3775,3796,left,incomplete
S2-K152_clip_0000,149,3878,3924,left,complete
S2-K152_clip_0000,173,4584,4613,right,incomplete
S2-K152_clip_0000,176,4668,4728,right,complete
S2-K152_clip_0000,178,4671,4693,left,complete
S2-K152_clip_0000,184,4771,4796,left,incomplete
S2-K152_clip_0000,191,5019,5087,left,complete
S2-K152_clip_0000,192,5084,5151,left,complete
S2-K152_clip_0000,205,5668,5704,right,incomplete
S2-K152_clip_0001,5,1,14,left,incomplete
S2-K152_clip_0001,24,570,621,left,incomplete
S2-K152_clip_0001,26,666,696,right,incomplete
S2-K152_clip_0001,70,1835,1848,right,incomplete
S2-K152_clip_0001,74,1979,2010,left,incomplete
S2-K152_clip_0001,103,3053,3088,right,incomplete
S2-K152_clip_0001,106,2995,3007,left,incomplete
S2-K152_clip_0001,106,3035,3108,left,incomplete
S2-K152_clip_0001,109,3084,3140,left,complete
S2-K152_clip_0001,116,3456,3473,left,incomplete
S2-K152_clip_0001,124,3565,3586,left,incomplete
S2-K152_clip_0001,131,3836,3855,left,incomplete
S2-K152_clip_0001,132,3847,3880,left,incomplete
S2-K152_clip_0001,134,4042,4067,right,incomplete
S2-K152_clip_0001,154,4554,4612,left,incomplete
S2-K152_clip_0001,153,4572,4625,left,incomplete
S2-K152_clip_0001,160,4833,4879,left,complete
S2-K152_clip_0001,166,5273,5303,right,complete
S2-K152_clip_0001,175,5538,5567,left,incomplete
S2-K152_clip_0002,14,593,614,right,incomplete
S2-K152_clip_0002,31,1177,1252,right,complete
S2-K152_clip_0002,46,1559,1586,right,incomplete
S2-K152_clip_0002,87,2971,3031,left,incomplete
S2-K152_clip_0002,97,3152,3173,left,incomplete
S2-K152_clip_0002,112,3674,3704,right,incomplete
S2-K152_clip_0002,113,3748,3790,right,incomplete
S2-K152_clip_0002,124,3980,4002,left,incomplete
S2-K152_clip_0002,142,4689,4716,right,incomplete
S2-K152_clip_0002,147,4875,4912,right,incomplete
S2-K152_clip_0002,161,5485,5555,right,incomplete
S2-K152_clip_0003,1,6,34,right,incomplete
S2-K152_clip_0003,25,724,769,left,incomplete
S2-K152_clip_0003,38,1437,1458,right,incomplete
S2-K152_clip_0003,39,1350,1385,right,incomplete
S2-K152_clip_0003,57,1822,1869,right,incomplete
S2-K152_clip_0003,54,1848,1911,left,incomplete
S2-K152_clip_0003,55,1972,2072,left,complete
S2-K152_clip_0003,85,2989,3014,left,incomplete
S2-K152_clip_0003,92,3130,3166,left,incomplete
S2-K152_clip_0003,99,3368,3393,left,incomplete
S2-K152_clip_0003,115,4068,4190,right,incomplete
S2-K152_clip_0003,126,4380,4406,right,incomplete
S2-K152_clip_0003,133,4615,4642,right,incomplete
S2-K152_clip_0004,10,262,319,right,incomplete
S2-K152_clip_0004,16,617,663,right,complete
S2-K152_clip_0004,18,632,684,left,complete
S2-K152_clip_0004,23,769,820,left,complete
S2-K152_clip_0004,48,1684,1751,left,incomplete
S2-K152_clip_0004,73,2988,3015,right,incomplete
S2-K152_clip_0004,97,3486,3504,right,incomplete
S2-K152_clip_0004,104,3791,3851,left,complete
S2-K152_clip_0004,108,3947,3991,right,complete
S2-K152_clip_0004,105,3912,3967,right,complete
S2-K152_clip_0004,116,4215,4270,left,incomplete
S2-K152_clip_0004,119,4292,4343,left,complete
S2-K152_clip_0004,134,4800,4865,left,incomplete
S2-K152_clip_0004,141,5377,5412,right,incomplete
S2-K152_clip_0004,148,5525,5556,left,complete
S2-K152_clip_0004,154,5961,6000,right,incomplete
S2-K152_clip_0005,13,608,640,right,incomplete
S2-K152_clip_0005,22,1167,1226,right,complete
S2-K152_clip_0005,43,1610,1638,left,incomplete
S2-K152_clip_0005,45,1716,1788,left,incomplete
S2-K152_clip_0005,88,2811,2834,left,incomplete
S2-K152_clip_0005,90,2985,3017,right,incomplete
S2-K152_clip_0005,104,3512,3542,right,complete
S2-K152_clip_0005,111,4178,4214,right,incomplete
S2-K152_clip_0005,120,4220,4251,right,complete
S2-K152_clip_0005,138,5068,5108,right,incomplete
S2-K152_clip_0005,164,5794,5818,right,incomplete
S2-K152_clip_0005,165,5913,5940,right,incomplete
S2-K152_clip_0006,42,1351,1419,left,complete
S2-K152_clip_0006,50,1520,1570,left,complete
S2-K152_clip_0006,58,1869,1894,right,incomplete
S2-K152_clip_0006,83,2975,3028,left,incomplete
S2-K152_clip_0006,89,3200,3244,right,incomplete
S2-K152_clip_0006,96,3428,3457,right,incomplete
S2-K152_clip_0006,105,3963,3989,right,incomplete
S2-K152_clip_0006,114,4352,4372,right,incomplete
S2-K152_clip_0006,117,4396,4427,right,incomplete
S2-K152_clip_0006,118,4522,4556,right,incomplete
S2-K152_clip_0006,139,5417,5461,right,incomplete
S2-K152_clip_0006,152,5623,5660,right,complete
S2-K152_clip_0006,156,5794,5839,left,incomplete
S2-K152_clip_0007,7,211,234,right,incomplete
S2-K152_clip_0007,9,206,230,right,incomplete
S2-K152_clip_0007,26,928,946,left,incomplete
S2-K152_clip_0007,54,1994,2013,right,incomplete
S2-K152_clip_0007,58,2160,2200,right,incomplete
S2-K152_clip_0007,59,2198,2234,left,incomplete
S2-K152_clip_0007,78,2990,3012,left,incomplete
S2-K152_clip_0007,78,3045,3085,left,incomplete
S2-K152_clip_0007,103,4205,4279,left,complete
S2-K152_clip_0007,109,4485,4510,right,incomplete
S2-K152_clip_0007,132,5486,5511,right,incomplete
S2-K152_clip_0008,14,313,365,left,incomplete
S2-K152_clip_0008,26,1252,1285,right,incomplete
S2-K152_clip_0008,33,1464,1495,right,incomplete
S2-K152_clip_0008,36,1681,1713,right,incomplete
S2-K152_clip_0008,71,2984,3019,right,incomplete
S2-K152_clip_0008,81,3511,3535,right,incomplete
S2-K152_clip_0008,97,4373,4434,left,complete
S2-K152_clip_0008,108,4693,4741,left,incomplete
S2-K152_clip_0008,117,5016,5035,left,incomplete
S2-K152_clip_0008,118,5185,5211,right,incomplete
S2-K152_clip_0008,116,5100,5245,right,incomplete
S2-K152_clip_0008,128,5544,5636,left,incomplete
S2-K188_0_clip_0000,9,92,155,right,complete
S2-K188_0_clip_0000,14,350,408,left,complete
S2-K188_0_clip_0000,21,560,611,left,complete
S2-K188_0_clip_0000,44,1409,1433,left,incomplete
S2-K188_0_clip_0000,56,1647,1673,left,complete
S2-K188_0_clip_0000,98,3430,3465,right,incomplete
S2-K188_0_clip_0000,108,3510,3533,left,complete
S2-K188_0_clip_0000,112,3752,3792,left,incomplete
S2-K188_0_clip_0000,127,4215,4264,left,complete
S2-K188_0_clip_0000,138,4671,4727,left,complete
S2-K188_0_clip_0000,149,5147,5195,right,complete
S2-K188_0_clip_0001,14,553,620,left,complete
S2-K188_0_clip_0001,29,1170,1212,left,complete
S2-K188_0_clip_0001,30,1187,1219,left,complete
S2-K188_0_clip_0001,30,1251,1284,left,complete
S2-K188_0_clip_0001,36,1386,1418,left,incomplete
S2-K188_0_clip_0001,42,1439,1492,left,complete
S2-K188_0_clip_0001,68,2321,2357,left,complete
S2-K188_0_clip_0001,86,2985,3017,right,complete
S2-K188_0_clip_0001,103,3457,3549,left,complete
S2-K188_0_clip_0001,130,4312,4359,left,complete
S2-K188_0_clip_0001,131,4347,4397,left,complete
S2-K188_0_clip_0001,165,5599,5670,left,incomplete
S2-K188_0_clip_0001,168,5771,5811,left,complete
S2-K188_0_clip_0002,15,311,365,right,incomplete
S2-K188_0_clip_0002,29,789,834,left,complete
S2-K188_0_clip_0002,33,815,850,left,complete
S2-K188_0_clip_0002,35,847,890,right,complete
S2-K188_0_clip_0002,47,1223,1243,right,incomplete
S2-K188_0_clip_0002,51,1330,1363,left,incomplete
S2-K188_0_clip_0002,92,2981,3021,left,complete
S2-K188_0_clip_0002,99,3295,3356,left,complete
S2-K188_0_clip_0002,111,3757,3819,left,complete
S2-K188_0_clip_0002,114,3937,3980,left,complete
S2-K188_0_clip_0002,130,4446,4482,right,complete
S2-K188_0_clip_0002,152,5167,5213,right,incomplete
S2-K188_0_clip_0002,165,5446,5509,left,incomplete
S2-K188_0_clip_0003,19,381,433,left,incomplete
S2-K188_0_clip_0003,20,429,455,left,incomplete
S2-K188_0_clip_0003,78,2794,2848,left,incomplete
S2-K188_0_clip_0003,81,2986,3016,right,complete
S2-K188_0_clip_0003,89,3308,3404,left,complete
S2-K188_0_clip_0003,95,3504,3551,left,complete
S2-K188_0_clip_0003,102,3683,3717,left,complete
S2-K188_0_clip_0003,102,3735,3764,left,complete
S2-K188_0_clip_0003,111,3853,3938,right,complete
S2-K188_0_clip_0003,130,4381,4423,left,incomplete
S2-K188_0_clip_0003,146,4950,4985,left,incomplete
S2-K188_0_clip_0004,3,1,44,left,incomplete
S2-K188_0_clip_0004,54,1215,1238,right,incomplete
S2-K188_0_clip_0004,57,1169,1203,left,incomplete
S2-K188_0_clip_0004,62,1352,1366,right,incomplete
S2-K188_0_clip_0004,90,2153,2186,left,incomplete
S2-K188_0_clip_0004,113,2910,2925,left,incomplete
S2-K188_0_clip_0004,113,2963,3040,left,complete
S2-K188_0_clip_0004,116,3178,3222,right,incomplete
S2-K188_0_clip_0004,142,4019,4057,left,complete
S2-K188_0_clip_0004,143,4041,4099,left,complete
S2-K188_0_clip_0004,144,4035,4067,left,complete
S2-K188_0_clip_0004,144,4101,4148,left,complete
S2-K188_0_clip_0004,147,4143,4181,right,complete
S2-K188_0_clip_0004,148,4121,4144,right,incomplete
S2-K188_0_clip_0004,172,4984,5034,left,complete
S2-K188_0_clip_0004,180,5501,5556,left,complete
S2-K188_0_clip_0004,192,5782,5814,left,complete
S2-K188_0_clip_0004,198,5888,5921,left,complete
S2-K188_0_clip_0005,19,443,485,right,incomplete
S2-K188_0_clip_0005,31,942,991,left,complete
S2-K188_0_clip_0005,33,932,966,left,incomplete
S2-K188_0_clip_0005,38,1199,1223,left,incomplete
S2-K188_0_clip_0005,90,2978,3025,right,complete
S2-K188_0_clip_0005,103,3251,3321,left,complete
S2-K188_0_clip_0005,117,3649,3752,left,complete
S2-K188_0_clip_0005,121,3767,3812,right,complete
S2-K188_0_clip_0005,122,3814,3826,left,incomplete
S2-K188_0_clip_0005,129,4078,4111,left,incomplete
S2-K188_0_clip_0005,133,4204,4244,left,complete
S2-K188_0_clip_0005,145,4590,4650,right,complete
S2-K188_0_clip_0005,157,4835,4868,left,complete
S2-K188_0_clip_0005,157,4911,4967,left,incomplete
S2-K188_0_clip_0005,170,5156,5191,right,complete
S2-K188_0_clip_0005,176,5256,5300,left,complete
S2-K188_0_clip_0005,200,5933,5958,left,incomplete
S2-K188_0_clip_0005,201,5856,5899,right,complete
S2-K188_0_clip_0006,13,268,307,right,incomplete
S2-K188_0_clip_0006,26,571,657,left,complete
S2-K188_0_clip_0006,32,667,738,left,complete
S2-K188_0_clip_0006,66,1399,1460,left,incomplete
S2-K188_0_clip_0006,79,1895,1951,right,incomplete
S2-K188_0_clip_0006,82,1851,1972,left,incomplete
S2-K188_0_clip_0006,95,2540,2593,right,complete
S2-K188_0_clip_0006,100,2662,2678,left,incomplete
S2-K188_0_clip_0006,107,2898,2926,left,incomplete
S2-K188_0_clip_0006,110,3000,3058,left,incomplete
S2-K188_0_clip_0006,113,2954,3049,left,complete
S2-K188_0_clip_0006,115,3004,3030,left,complete
S2-K188_0_clip_0006,129,3581,3646,left,complete
S2-K188_0_clip_0006,138,3919,3978,left,complete
S2-K188_0_clip_0006,139,3914,3958,left,complete
S2-K188_0_clip_0006,144,3953,4008,left,incomplete
S2-K188_0_clip_0007,39,783,803,right,complete
S2-K188_0_clip_0007,41,930,956,right,incomplete
S2-K188_0_clip_0007,50,1078,1102,right,incomplete
S2-K188_0_clip_0007,62,1357,1404,left,complete
S2-K188_0_clip_0007,67,1419,1520,left,complete
S2-K188_0_clip_0007,69,1473,1514,right,complete
S2-K188_0_clip_0007,106,2503,2532,left,incomplete
S2-K188_0_clip_0007,107,2547,2566,left,incomplete
S2-K188_0_clip_0007,118,2826,2867,right,complete
S2-K188_0_clip_0007,119,2832,2869,left,complete
S2-K188_0_clip_0007,124,2956,3047,left,complete
S2-K188_0_clip_0007,129,3006,3043,left,complete
S2-K188_0_clip_0007,159,3679,3723,left,incomplete
S2-K188_0_clip_0007,168,4037,4093,left,complete
S2-K188_0_clip_0007,176,4132,4165,left,complete
S2-K188_0_clip_0007,183,4589,4673,left,complete
S2-K188_0_clip_0007,194,4972,5032,left,complete
S2-K188_0_clip_0007,216,5907,6000,left,incomplete
S2-K188_0_clip_0008,17,390,491,left,incomplete
S2-K188_0_clip_0008,25,302,362,left,incomplete
S2-K188_0_clip_0008,26,354,394,left,complete
S2-K188_0_clip_0008,27,442,492,left,complete
S2-K188_0_clip_0008,28,374,407,left,complete
S2-K188_0_clip_0008,83,2183,2220,left,incomplete
S2-K188_0_clip_0008,108,2981,3022,right,complete
S2-K188_0_clip_0008,110,3024,3057,left,incomplete
S2-K188_0_clip_0008,126,3525,3582,left,complete
S2-K188_0_clip_0008,129,3541,3576,left,complete
S2-K188_0_clip_0008,160,4457,4482,left,incomplete
S2-K188_0_clip_0008,168,4589,4623,left,complete
S2-K188_0_clip_0008,172,4650,4712,left,complete
S2-K188_0_clip_0009,21,506,538,left,incomplete
S2-K188_0_clip_0009,22,356,428,left,incomplete
S2-K188_0_clip_0009,36,867,897,left,complete
S2-K188_0_clip_0009,43,1083,1119,right,incomplete
S2-K188_0_clip_0009,47,1220,1284,left,complete
S2-K188_0_clip_0009,48,1195,1241,left,complete
S2-K188_0_clip_0009,51,1276,1334,left,complete
S2-K188_0_clip_0009,52,1283,1315,left,complete
S2-K188_0_clip_0009,52,1352,1414,left,complete
S2-K188_0_clip_0009,56,1337,1364,left,complete
S2-K188_0_clip_0009,56,1430,1475,left,complete
S2-K188_0_clip_0009,109,2864,2996,left,incomplete
S2-K188_0_clip_0009,111,2953,3049,left,complete
S2-K188_0_clip_0009,119,3030,3056,left,incomplete
S2-K188_0_clip_0009,119,3208,3269,left,complete
S2-K188_0_clip_0009,128,3368,3412,right,complete
S2-K188_0_clip_0009,140,3411,3441,right,complete
S2-K188_0_clip_0009,146,3404,3450,left,incomplete
S2-K188_0_clip_0009,155,3616,3659,left,complete
S2-K188_0_clip_0009,160,3775,3822,left,complete
S2-K188_0_clip_0009,166,4016,4042,left,complete
S2-K188_0_clip_0009,174,4190,4232,right,complete
S2-K188_0_clip_0009,177,4208,4256,right,complete
S2-K188_0_clip_0009,181,4316,4376,left,incomplete
S2-K188_0_clip_0009,186,4476,4554,right,complete
S2-K188_0_clip_0009,194,4621,4647,left,complete
S2-K188_0_clip_0009,211,5150,5196,right,complete
S2-K188_0_clip_0009,216,5448,5467,left,incomplete
S2-K188_0_clip_0009,227,5603,5639,left,complete
S2-K188_0_clip_0010,12,93,173,left,complete
S2-K188_0_clip_0010,14,98,122,left,complete
S2-K188_0_clip_0010,14,151,176,left,incomplete
S2-K188_0_clip_0010,61,1346,1388,left,incomplete
S2-K188_0_clip_0010,67,1488,1540,left,complete
S2-K188_0_clip_0010,103,2434,2465,right,incomplete
S2-K188_0_clip_0010,108,2661,2688,left,incomplete
S2-K188_0_clip_0010,124,2970,3032,right,complete
S2-K188_0_clip_0010,152,3656,3709,left,complete
S2-K188_1_clip_0000,7,51,116,left,complete
S2-K188_1_clip_0000,31,651,723,left,complete
S2-K188_1_clip_0000,33,721,761,left,complete
S2-K188_1_clip_0000,33,809,837,left,incomplete
S2-K188_1_clip_0000,41,937,976,right,complete
S2-K188_1_clip_0000,43,1010,1037,left,incomplete
S2-K188_1_clip_0000,64,1370,1411,right,incomplete
S2-K188_1_clip_0000,64,1427,1465,right,complete
S2-K188_1_clip_0000,70,1604,1640,left,incomplete
S2-K188_1_clip_0000,71,1738,1787,left,complete
S2-K188_1_clip_0000,76,1846,1888,left,complete
S2-K188_1_clip_0000,77,1854,1891,left,complete
S2-K188_1_clip_0000,78,1882,1945,left,complete
S2-K188_1_clip_0000,85,2185,2221,left,complete
S2-K188_1_clip_0000,96,2424,2466,left,complete
S2-K188_1_clip_0000,100,2610,2646,left,complete
S2-K188_1_clip_0000,122,3214,3299,left,complete
S2-K188_1_clip_0000,136,3546,3602,right,complete
S2-K188_1_clip_0000,152,3967,3983,right,incomplete
S2-K188_1_clip_0000,185,4659,4702,left,complete
S2-K188_1_clip_0000,211,5192,5225,right,complete
S2-K188_1_clip_0000,229,5518,5572,right,complete
S2-K188_1_clip_0000,230,5535,5614,right,incomplete
S2-K188_1_clip_0001,10,53,117,left,complete
S2-K188_1_clip_0001,17,225,245,left,incomplete
S2-K188_1_clip_0001,47,1012,1072,left,complete
S2-K188_1_clip_0001,61,1315,1403,right,complete
S2-K188_1_clip_0001,70,1519,1554,right,complete
S2-K188_1_clip_0001,72,1638,1703,left,incomplete
S2-K188_1_clip_0001,80,1616,1664,left,complete
S2-K188_1_clip_0001,88,1777,1833,right,complete
S2-K188_1_clip_0001,96,2022,2035,right,incomplete
S2-K188_1_clip_0001,98,1956,2004,left,incomplete
S2-K188_1_clip_0001,103,2046,2089,left,complete
S2-K188_1_clip_0001,117,2365,2410,right,complete
S2-K188_1_clip_0001,141,2974,3029,left,complete
S2-K188_1_clip_0001,153,3367,3425,right,complete
S2-K188_1_clip_0001,162,3449,3486,right,incomplete
S2-K188_1_clip_0001,181,4057,4151,right,complete
S2-K188_1_clip_0001,195,4168,4222,left,incomplete
S2-K188_1_clip_0001,197,4302,4332,left,incomplete
S2-K188_1_clip_0001,203,4381,4433,right,complete
S2-K188_1_clip_0001,210,4476,4517,right,complete
S2-K188_1_clip_0001,213,4551,4584,left,incomplete
S2-K188_1_clip_0001,213,4650,4735,left,incomplete
S2-K188_1_clip_0001,229,4903,4942,right,incomplete
S2-K188_1_clip_0001,239,5281,5329,left,complete
S2-K188_1_clip_0001,245,5390,5410,left,incomplete
S2-K188_1_clip_0001,260,5687,5713,left,complete
S2-K188_1_clip_0001,262,5779,5817,left,complete
S2-K188_1_clip_0001,263,5813,5873,left,complete
S2-K188_1_clip_0002,8,71,90,right,incomplete
S2-K188_1_clip_0002,15,210,272,left,incomplete
S2-K188_1_clip_0002,20,387,463,right,complete
S2-K188_1_clip_0002,29,504,556,left,complete
S2-K188_1_clip_0002,33,625,662,right,complete
S2-K188_1_clip_0002,42,914,947,left,incomplete
S2-K188_1_clip_0002,43,890,943,left,complete
S2-K188_1_clip_0002,44,878,931,left,complete
S2-K188_1_clip_0002,53,1067,1111,left,complete
S2-K188_1_clip_0002,53,1147,1196,left,incomplete
S2-K188_1_clip_0002,80,1726,1769,left,complete
S2-K188_1_clip_0002,81,1782,1856,right,incomplete
S2-K188_1_clip_0002,90,1952,2009,left,complete
S2-K188_1_clip_0002,93,2023,2056,left,complete
S2-K188_1_clip_0002,123,2699,2759,right,incomplete
S2-K188_1_clip_0002,127,2900,2919,left,incomplete
S2-K188_1_clip_0002,133,2980,3023,right,complete
S2-K188_1_clip_0002,137,3034,3070,left,complete
S2-K188_1_clip_0002,137,3150,3191,left,complete
S2-K188_1_clip_0002,141,3278,3312,right,complete
S2-K188_1_clip_0002,149,3402,3451,right,complete
S2-K188_1_clip_0002,150,3376,3419,right,complete
S2-K188_1_clip_0002,153,3434,3470,left,complete
S2-K188_1_clip_0002,179,4011,4035,left,incomplete
S2-K188_1_clip_0002,182,3902,3970,left,incomplete
S2-K188_1_clip_0002,185,4051,4137,right,incomplete
S2-K188_1_clip_0002,193,4192,4309,left,complete
S2-K188_1_clip_0002,195,4192,4262,left,incomplete
S2-K188_1_clip_0002,203,4488,4558,left,complete
S2-K188_1_clip_0002,207,4534,4575,left,incomplete
S2-K188_1_clip_0002,214,4734,4775,right,complete
S2-K188_1_clip_0002,218,4794,4832,right,complete
S2-K188_1_clip_0002,226,4961,5000,left,incomplete
S2-K188_1_clip_0003,7,54,74,left,incomplete
S2-K188_1_clip_0003,12,174,207,right,incomplete
S2-K188_1_clip_0003,19,292,342,right,complete
S2-K188_1_clip_0003,31,433,445,right,incomplete
S2-K188_1_clip_0003,32,532,577,right,incomplete
S2-K188_1_clip_0003,49,739,860,right,complete
S2-K188_1_clip_0003,81,1238,1283,left,complete
S2-K188_1_clip_0003,81,1305,1329,left,incomplete
S2-K188_1_clip_0003,124,2267,2302,left,incomplete
S2-K188_1_clip_0003,166,2979,3023,left,complete
S2-K188_1_clip_0003,168,3157,3210,left,complete
S2-K188_1_clip_0003,176,3330,3358,left,incomplete
S2-K188_1_clip_0003,187,3564,3594,right,incomplete
S2-K188_1_clip_0003,193,3704,3775,left,complete
S2-K188_1_clip_0003,200,3844,3901,left,complete
S2-K188_1_clip_0003,202,3924,3964,right,complete
S2-K188_1_clip_0003,208,3991,4061,right,complete
S2-K188_1_clip_0003,219,4275,4328,left,complete
S2-K188_1_clip_0003,242,4604,4673,right,complete
S2-K188_1_clip_0003,246,4706,4774,left,complete
S2-K188_1_clip_0003,250,4772,4812,right,complete
S2-K188_1_clip_0003,259,4992,5034,left,complete
S2-K188_1_clip_0003,259,5066,5104,left,incomplete
S2-K188_1_clip_0003,269,5303,5328,left,incomplete
S2-K188_1_clip_0003,275,5455,5497,left,complete
S2-K188_1_clip_0003,283,5630,5651,right,incomplete
S2-K188_1_clip_0003,297,5785,5826,right,complete
S2-K188_1_clip_0003,301,5778,5847,right,complete
S2-K188_1_clip_0003,302,5753,5782,left,incomplete
S2-K188_1_clip_0003,307,5884,5965,right,complete
S2-K188_1_clip_0003,314,5911,5943,left,incomplete
S2-K188_1_clip_0004,17,61,86,right,incomplete
S2-K188_1_clip_0004,16,76,203,right,complete
S2-K188_1_clip_0004,31,234,268,left,incomplete
S2-K188_1_clip_0004,34,323,380,left,incomplete
S2-K188_1_clip_0004,40,377,439,right,complete
S2-K188_1_clip_0004,42,375,406,left,complete
S2-K188_1_clip_0004,63,720,757,right,incomplete
S2-K188_1_clip_0004,71,938,971,left,incomplete
S2-K188_1_clip_0004,74,930,975,left,complete
S2-K188_1_clip_0004,77,915,977,left,complete
S2-K188_1_clip_0004,79,1010,1074,right,complete
S2-K188_1_clip_0004,92,1166,1234,right,complete
S2-K188_1_clip_0004,113,1598,1642,left,complete
S2-K188_1_clip_0004,117,1692,1737,left,complete
S2-K188_1_clip_0004,131,1878,1950,right,complete
S2-K188_1_clip_0004,153,2398,2433,right,incomplete
S2-K188_1_clip_0004,176,2940,2975,right,complete
S2-K188_1_clip_0004,176,2987,3016,right,complete
S2-K188_1_clip_0004,194,3230,3282,right,complete
S2-K188_1_clip_0004,193,3213,3255,right,incomplete
S2-K188_1_clip_0004,198,3218,3255,right,complete
S2-K188_1_clip_0004,225,3784,3814,right,incomplete
S2-K188_1_clip_0004,280,5032,5082,left,complete
S2-K188_1_clip_0004,282,5167,5222,right,complete
S2-K188_1_clip_0004,286,5237,5283,right,complete
S2-K188_1_clip_0004,290,5270,5339,right,incomplete
S2-K188_1_clip_0004,296,5446,5500,right,incomplete
S2-K188_1_clip_0004,308,5682,5710,left,complete
S2-K188_1_clip_0004,308,5736,5819,left,incomplete
S2-K188_1_clip_0004,321,5974,6000,left,incomplete
S2-K188_1_clip_0005,8,43,80,left,complete
S2-K188_1_clip_0005,14,90,124,right,incomplete
S2-K188_1_clip_0005,16,102,132,left,complete
S2-K188_1_clip_0005,15,255,322,right,incomplete
S2-K188_1_clip_0005,36,449,505,right,complete
S2-K188_1_clip_0005,48,677,789,right,incomplete
S2-K188_1_clip_0005,60,997,1036,left,incomplete
S2-K188_1_clip_0005,72,1198,1239,right,complete
S2-K188_1_clip_0005,73,1213,1247,left,complete
S2-K188_1_clip_0005,78,1309,1347,right,complete
S2-K188_1_clip_0005,90,1460,1515,left,complete
S2-K188_1_clip_0005,108,1870,1913,left,incomplete
S2-K188_1_clip_0005,126,2161,2205,left,complete
S2-K188_1_clip_0005,130,2187,2204,right,incomplete
S2-K188_1_clip_0005,159,2682,2694,right,incomplete
S2-K188_1_clip_0005,169,2965,3038,left,complete
S2-K188_1_clip_0005,173,3115,3175,left,complete
S2-K188_1_clip_0005,179,3278,3348,left,complete
S2-K188_1_clip_0005,182,3354,3418,right,incomplete
S2-K188_1_clip_0005,225,3973,4003,left,complete
S2-K188_1_clip_0005,267,4650,4650,left,complete
S2-K188_1_clip_0005,267,4654,4702,left,complete
S2-K188_1_clip_0005,265,4693,4756,right,complete
S2-K188_1_clip_0005,274,4871,4905,left,incomplete
S2-K188_1_clip_0005,280,4829,4856,right,incomplete
S2-K188_1_clip_0005,282,4856,4917,left,complete
S2-K188_1_clip_0005,301,5185,5248,left,complete
S2-K188_1_clip_0005,302,5191,5232,left,complete
S2-K188_1_clip_0005,314,5448,5485,left,incomplete
S2-K188_1_clip_0005,321,5599,5643,left,incomplete
S2-K188_1_clip_0005,331,5757,5830,left,complete
S2-K188_1_clip_0005,335,5798,5832,left,incomplete
S2-K188_1_clip_0005,338,5977,6000,left,incomplete
S2-K188_1_clip_0006,6,31,90,right,incomplete
S2-K188_1_clip_0006,18,274,301,left,complete
S2-K188_1_clip_0006,18,328,374,left,complete
S2-K188_1_clip_0006,28,519,561,right,complete
S2-K188_1_clip_0006,38,581,634,right,complete
S2-K188_1_clip_0006,43,745,798,left,complete
S2-K188_1_clip_0006,66,1171,1194,left,incomplete
S2-K188_1_clip_0006,84,1430,1465,right,incomplete
S2-K188_1_clip_0006,85,1460,1512,left,complete
S2-K188_1_clip_0006,88,1564,1615,left,complete
S2-K188_1_clip_0006,89,1554,1689,left,complete
S2-K188_1_clip_0006,91,1616,1691,left,complete
S2-K188_1_clip_0006,93,1588,1626,left,complete
S2-K188_1_clip_0006,93,1680,1722,left,incomplete
S2-K188_1_clip_0006,110,1874,1938,left,complete
S2-K188_1_clip_0006,121,2177,2198,right,incomplete
S2-K188_1_clip_0006,143,2474,2534,right,incomplete
S2-K188_1_clip_0006,150,2641,2711,left,complete
S2-K188_1_clip_0006,156,2709,2841,left,incomplete
S2-K188_1_clip_0006,168,2977,3025,right,complete
S2-K188_1_clip_0006,189,3388,3430,right,complete
S2-K188_1_clip_0006,197,3712,3737,right,incomplete
S2-K188_1_clip_0006,206,3896,3941,right,complete
S2-K188_1_clip_0006,215,4101,4135,left,incomplete
S2-K188_1_clip_0006,216,4101,4122,left,incomplete
S2-K188_1_clip_0006,228,4388,4442,right,complete
S2-K188_1_clip_0006,243,4625,4677,right,complete
S2-K188_1_clip_0006,246,4751,4811,left,complete
S2-K188_1_clip_0006,249,4786,4827,right,complete
S2-K188_1_clip_0006,258,5106,5145,right,complete
S2-K188_1_clip_0006,259,5059,5146,right,complete
S2-K188_1_clip_0006,261,5148,5191,left,complete
S2-K188_1_clip_0006,285,5558,5608,left,complete
S2-K188_1_clip_0006,292,5587,5617,left,complete
S2-K188_1_clip_0006,292,5633,5669,left,complete
S2-K188_1_clip_0007,8,69,119,left,complete
S2-K188_1_clip_0007,30,593,609,left,incomplete
S2-K188_1_clip_0007,36,575,597,left,incomplete
S2-K188_1_clip_0007,67,1225,1243,left,incomplete
S2-K188_1_clip_0007,72,1345,1405,left,complete
S2-K188_1_clip_0007,83,1537,1561,right,complete
S2-K188_1_clip_0007,99,2116,2144,left,incomplete
S2-K188_1_clip_0007,102,2141,2179,left,complete
S2-K188_1_clip_0007,104,2176,2224,left,incomplete
S2-K188_1_clip_0007,106,2180,2226,left,complete
S2-K188_1_clip_0007,111,2368,2431,left,incomplete
S2-K188_1_clip_0007,126,2582,2660,left,incomplete
S2-K188_1_clip_0007,127,2712,2729,left,incomplete
S2-K188_1_clip_0007,143,2986,3017,left,complete
S2-K188_1_clip_0007,145,3017,3033,left,incomplete
S2-K188_1_clip_0007,146,3100,3127,left,incomplete
S2-K188_1_clip_0007,148,3063,3106,left,complete
S2-K188_1_clip_0007,173,3680,3751,right,complete
S2-K188_1_clip_0007,179,3800,3835,left,incomplete
S2-K188_1_clip_0007,179,3923,4036,right,incomplete
S2-K188_1_clip_0007,193,4046,4081,right,complete
S2-K188_1_clip_0007,209,4344,4406,left,complete
S2-K188_1_clip_0007,217,4471,4530,left,incomplete
S2-K188_1_clip_0007,229,4566,4624,left,complete
S2-K188_1_clip_0007,262,5307,5355,left,complete
S2-K188_1_clip_0007,266,5464,5493,right,incomplete
S2-K188_1_clip_0007,271,5528,5562,right,incomplete
S2-K188_1_clip_0007,278,5558,5604,right,incomplete
S2-K188_1_clip_0007,287,5666,5705,left,incomplete
S2-K188_1_clip_0007,290,5748,5777,left,incomplete
S2-K188_1_clip_0007,304,5961,6000,right,incomplete
S2-K188_1_clip_0007,313,5957,5991,left,complete
S2-K188_1_clip_0008,4,1,27,left,incomplete
S2-K188_1_clip_0008,10,1,87,left,incomplete
S2-K188_1_clip_0008,18,177,229,right,incomplete
S2-K188_1_clip_0008,21,206,265,left,incomplete
S2-K188_1_clip_0008,22,212,232,left,incomplete
S2-K188_1_clip_0008,40,576,618,left,complete
S2-K188_1_clip_0008,43,648,716,left,complete
S2-K188_1_clip_0008,48,793,844,left,complete
S2-K188_1_clip_0008,55,923,976,right,complete
S2-K188_1_clip_0008,57,1024,1054,left,incomplete
S2-K188_1_clip_0008,66,1143,1181,left,complete
S2-K188_1_clip_0008,73,1293,1326,left,incomplete
S2-K188_1_clip_0008,79,1421,1499,left,complete
S2-K188_1_clip_0008,84,1482,1513,left,complete
S2-K188_1_clip_0008,94,1556,1600,left,complete
S2-K188_1_clip_0008,95,1707,1765,left,complete
S2-K188_1_clip_0008,108,1898,1924,right,incomplete
S2-K188_1_clip_0008,112,1921,1976,left,incomplete
S2-K188_1_clip_0008,117,2088,2130,right,complete
S2-K188_1_clip_0008,125,2282,2344,right,complete
S2-K188_1_clip_0008,127,2255,2316,left,incomplete
S2-K188_1_clip_0008,138,2420,2466,right,incomplete
S2-K188_1_clip_0008,147,2635,2678,right,complete
S2-K188_1_clip_0008,155,2808,2835,left,incomplete
S2-K188_1_clip_0008,165,2972,3031,left,complete
S2-K188_1_clip_0008,188,3505,3564,left,complete
S2-K188_1_clip_0008,189,3422,3441,left,incomplete
S2-K188_1_clip_0008,194,3536,3580,left,complete
S2-K188_1_clip_0008,207,3847,3865,right,incomplete
S2-K188_1_clip_0008,216,4002,4045,left,complete
S2-K188_1_clip_0008,217,3998,4042,left,complete
S2-K188_1_clip_0008,239,4268,4293,left,complete
S2-K188_1_clip_0008,239,4310,4343,left,complete
S2-K188_1_clip_0008,242,4317,4334,left,incomplete
S2-K188_1_clip_0008,252,4464,4480,left,incomplete
S2-K188_1_clip_0008,262,4602,4646,right,incomplete
S2-K188_1_clip_0008,277,4827,4881,left,complete
S2-K188_1_clip_0008,286,4905,4918,left,incomplete
S2-K188_1_clip_0008,286,4973,5040,left,complete
S2-K188_1_clip_0008,301,5157,5216,left,incomplete
S2-K188_1_clip_0008,310,5270,5328,right,incomplete
S2-K188_1_clip_0008,326,5415,5440,left,incomplete
S2-K188_1_clip_0008,329,5427,5486,left,complete
S2-K188_1_clip_0008,339,5553,5615,left,complete
S2-K188_1_clip_0008,343,5713,5728,left,incomplete
S2-K188_1_clip_0008,350,5908,5954,right,incomplete
S2-K188_1_clip_0008,351,5848,5910,right,complete
S2-K188_1_clip_0008,354,5988,6000,left,incomplete
S2-K188_1_clip_0009,11,53,119,right,incomplete
S2-K188_1_clip_0009,32,414,434,right,incomplete
S2-K188_1_clip_0009,41,578,617,right,complete
S2-K188_1_clip_0009,52,664,705,left,complete
S2-K188_1_clip_0009,56,704,771,left,complete
S2-K188_1_clip_0009,68,927,992,left,complete
S2-K188_1_clip_0009,89,1345,1395,left,complete
S2-K188_1_clip_0009,92,1481,1566,right,complete
S2-K188_1_clip_0009,136,2152,2192,right,complete
S2-K188_1_clip_0009,149,2461,2502,left,incomplete
S2-K188_1_clip_0009,151,2536,2604,left,complete
S2-K188_1_clip_0009,157,2727,2787,left,complete
S2-K188_1_clip_0009,158,2739,2764,left,complete
S2-K188_1_clip_0009,158,2782,2825,left,complete
S2-K188_1_clip_0009,171,2975,3027,right,complete
S2-K188_1_clip_0009,176,2995,3016,left,incomplete
S2-K188_1_clip_0009,164,3190,3237,right,incomplete
S2-K188_1_clip_0009,179,3100,3145,right,complete
S2-K188_1_clip_0009,185,3197,3238,left,complete
S2-K188_1_clip_0009,187,3205,3273,right,incomplete
S2-K188_1_clip_0009,187,3292,3316,left,incomplete
S2-K188_1_clip_0009,190,3247,3290,left,incomplete
S2-K188_1_clip_0009,193,3315,3353,right,complete
S2-K188_1_clip_0009,214,3583,3617,left,complete
S2-K188_1_clip_0009,223,3753,3811,right,complete
S2-K188_1_clip_0009,230,3811,3845,left,incomplete
S2-K188_1_clip_0009,234,3949,3996,left,complete
S2-K188_1_clip_0009,244,4203,4225,left,incomplete
S2-K188_1_clip_0009,247,4126,4133,left,incomplete
S2-K188_1_clip_0009,253,4298,4316,left,incomplete
S2-K188_1_clip_0009,268,4473,4549,right,complete
S2-K188_1_clip_0009,272,4586,4654,left,complete
S2-K188_1_clip_0009,281,4669,4723,right,complete
S2-K188_1_clip_0009,288,4794,4853,left,complete
S2-K188_1_clip_0009,295,4837,4885,right,complete
S2-K188_1_clip_0009,296,4920,4968,left,incomplete
S2-K188_1_clip_0009,307,4983,5048,right,complete
S2-K188_1_clip_0009,323,5396,5415,left,incomplete
S2-K188_1_clip_0009,325,5510,5547,right,complete
S2-K188_1_clip_0009,329,5594,5641,left,complete
S2-K188_1_clip_0009,333,5748,5803,right,incomplete
S2-K188_1_clip_0009,342,5890,5949,right,complete
S2-K188_1_clip_0009,343,5914,6000,right,incomplete
S2-K188_1_clip_0010,8,72,131,right,complete
S2-K188_1_clip_0010,21,420,461,right,complete
S2-K188_1_clip_0010,25,432,489,right,complete
S2-K188_1_clip_0010,28,442,477,right,complete
S2-K188_1_clip_0010,32,507,571,left,complete
S2-K188_1_clip_0010,34,506,536,right,incomplete
S2-K188_1_clip_0010,36,586,626,left,complete
S2-K188_1_clip_0010,38,647,697,right,complete
S2-K188_1_clip_0010,52,792,833,right,complete
S2-K188_1_clip_0010,61,825,848,left,incomplete
S2-K188_1_clip_0010,72,1069,1114,left,incomplete
S2-K188_1_clip_0010,88,1380,1417,left,complete
S2-K188_1_clip_0010,100,1659,1699,left,complete
S2-K188_1_clip_0010,118,2035,2082,right,complete
S2-K188_1_clip_0010,122,2098,2164,left,complete
S2-K188_1_clip_0010,134,2345,2430,left,incomplete
S2-K188_1_clip_0010,145,2380,2416,left,complete
S2-K188_1_clip_0010,172,2982,3021,left,complete
S2-K188_1_clip_0010,175,3032,3087,right,complete
S2-K188_1_clip_0010,195,3426,3461,right,incomplete
S2-K188_1_clip_0010,207,3736,3773,left,incomplete
S2-K188_1_clip_0010,219,3962,4037,left,complete
S2-K188_1_clip_0010,230,4223,4271,right,complete
S2-K188_1_clip_0010,232,4258,4290,left,complete
S2-K188_1_clip_0010,234,4284,4349,right,complete
S2-K188_1_clip_0010,244,4416,4523,right,complete
S2-K188_1_clip_0010,259,4552,4610,left,complete
S2-K188_1_clip_0010,273,4724,4786,right,complete
S2-K188_1_clip_0010,274,4762,4833,left,complete
S2-K188_1_clip_0010,283,4910,5003,right,incomplete
S2-K188_1_clip_0010,288,5031,5068,left,complete
S2-K188_1_clip_0010,287,4984,5049,right,complete
S2-K188_1_clip_0010,300,5174,5224,left,complete
S2-K188_1_clip_0010,302,5077,5122,left,complete
S2-K188_1_clip_0010,312,5263,5314,left,complete
S2-K188_1_clip_0010,322,5351,5412,left,complete
S2-K188_1_clip_0010,323,5427,5477,right,complete
S2-K188_1_clip_0010,338,5635,5661,right,incomplete
S2-K188_1_clip_0010,355,5969,6000,right,incomplete
S2-K201_clip_0000,8,140,234,right,incomplete
S2-K201_clip_0000,14,286,312,left,incomplete
S2-K201_clip_0000,15,334,369,left,incomplete
S2-K201_clip_0000,34,1006,1041,right,complete
S2-K201_clip_0000,76,2253,2277,right,incomplete
S2-K201_clip_0000,77,2217,2269,left,incomplete
S2-K201_clip_0000,96,2785,2818,left,incomplete
S2-K201_clip_0000,124,3790,3852,left,incomplete
S2-K201_clip_0000,166,5477,5506,right,incomplete
S2-K201_clip_0000,169,5581,5628,right,incomplete
S2-K201_clip_0000,182,5926,5977,right,incomplete
S2-K201_clip_0001,19,829,869,right,incomplete
S2-K201_clip_0001,25,1141,1247,right,incomplete
S2-K201_clip_0001,82,2954,3049,left,complete
S2-K201_clip_0001,85,2956,3018,left,incomplete
S2-K201_clip_0001,107,3878,3924,left,incomplete
S2-K201_clip_0001,136,5161,5274,right,incomplete
S2-K201_clip_0001,140,5356,5408,right,incomplete
S2-K201_clip_0001,159,5630,5681,left,incomplete
S2-K201_clip_0001,156,5655,5713,left,complete
S2-K201_clip_0001,171,5946,6000,left,incomplete
S2-K201_clip_0002,5,1,5,right,incomplete
S2-K201_clip_0002,16,499,560,left,incomplete
S2-K201_clip_0002,20,716,796,right,complete
S2-K201_clip_0002,29,1049,1169,right,incomplete
S2-K201_clip_0002,33,1186,1237,right,complete
S2-K201_clip_0002,34,1204,1239,left,complete
S2-K201_clip_0002,35,1221,1262,left,complete
S2-K201_clip_0002,65,2563,2578,left,incomplete
S2-K201_clip_0002,68,2678,2714,right,incomplete
S2-K201_clip_0002,79,2981,3021,right,complete
S2-K201_clip_0002,105,3975,4031,right,complete
S2-K201_clip_0002,134,4826,4894,left,incomplete
S2-K201_clip_0002,136,4879,4903,right,incomplete
S2-K201_clip_0002,166,5364,5466,right,complete
S2-K201_clip_0002,178,5884,5905,left,incomplete
S2-K201_clip_0003,71,2981,3021,left,complete
S2-K201_clip_0003,74,3177,3253,right,complete
S2-K201_clip_0003,102,3651,3679,left,incomplete
S2-K201_clip_0003,131,4388,4449,left,complete
S2-K201_clip_0003,148,5091,5149,right,incomplete
S2-K201_clip_0003,150,5090,5180,right,incomplete
S2-K201_clip_0004,16,348,378,left,incomplete
S2-K201_clip_0004,18,446,487,right,complete
S2-K201_clip_0004,30,979,1081,right,incomplete
S2-K201_clip_0004,34,1208,1263,right,complete
S2-K201_clip_0004,45,1753,1784,right,complete
S2-K201_clip_0004,52,2063,2094,left,incomplete
S2-K201_clip_0004,54,2190,2226,right,complete
S2-K201_clip_0004,75,2857,2937,right,incomplete
S2-K201_clip_0004,82,2968,3034,right,complete
S2-K201_clip_0004,96,3365,3453,right,complete
S2-K201_clip_0004,116,4258,4343,right,complete
S2-K201_clip_0004,131,4751,4801,left,incomplete
S2-K201_clip_0004,140,5378,5433,right,complete
S2-K201_clip_0004,144,5440,5467,left,incomplete
S2-K201_clip_0004,145,5573,5602,left,incomplete
S2-K201_clip_0004,147,5483,5518,left,incomplete
S2-K201_clip_0005,24,537,578,right,incomplete
S2-K201_clip_0005,55,1356,1417,left,incomplete
S2-K201_clip_0005,96,2980,3023,right,complete
S2-K201_clip_0005,100,3134,3152,right,incomplete
S2-K201_clip_0005,105,3306,3395,left,incomplete
S2-K201_clip_0005,121,3991,4081,left,incomplete
S2-K201_clip_0005,143,5046,5098,left,incomplete
S2-K201_clip_0005,145,5107,5164,left,incomplete
S2-K201_clip_0005,149,5183,5247,right,complete
S2-K201_clip_0005,151,5256,5286,left,incomplete
S2-K201_clip_0006,17,865,895,right,incomplete
S2-K201_clip_0006,55,2564,2586,left,incomplete
S2-K201_clip_0006,55,2680,2707,right,incomplete
S2-K201_clip_0006,57,2764,2790,left,incomplete
S2-K201_clip_0006,67,2982,3021,right,complete
S2-K201_clip_0006,72,3186,3317,right,incomplete
S2-K201_clip_0006,75,3351,3410,right,incomplete
S2-K201_clip_0006,90,3912,3945,left,incomplete
S2-K201_clip_0006,91,3915,4009,right,complete
S2-K201_clip_0006,117,4572,4644,left,complete
S2-K201_clip_0006,121,4611,4648,right,incomplete
S2-K201_clip_0006,152,5676,5781,right,incomplete
S2-K201_clip_0007,7,101,119,left,incomplete
S2-K201_clip_0007,10,150,227,left,complete
S2-K201_clip_0007,37,1657,1688,right,complete
S2-K201_clip_0007,42,1718,1745,left,incomplete
S2-K201_clip_0007,49,1957,1974,right,incomplete
S2-K201_clip_0007,75,2987,3015,right,complete
S2-K201_clip_0007,80,3207,3248,right,incomplete
S2-K201_clip_0007,101,3943,3964,left,incomplete
S2-K201_clip_0007,103,3921,3985,right,complete
S2-K201_clip_0007,111,4145,4200,left,complete
S2-K201_clip_0008,63,2377,2439,left,incomplete
S2-K201_clip_0008,81,2809,2856,right,incomplete
S2-K201_clip_0008,87,2957,3046,left,complete
S2-K201_clip_0008,96,3262,3331,left,incomplete
S2-K201_clip_0008,103,3548,3598,right,complete
S3-K316_clip_0000,2,529,556,left,incomplete
S3-K316_clip_0000,3,562,609,left,incomplete
S3-K316_clip_0000,14,1823,1868,left,incomplete
S3-K316_clip_0000,22,2866,2905,left,complete
S3-K316_clip_0000,24,3150,3174,left,complete
S3-K316_clip_0000,26,3201,3234,left,complete
S3-K316_clip_0000,40,4975,5024,left,incomplete
S3-K316_clip_0000,40,5095,5137,left,complete
S3-K316_clip_0001,15,1553,1582,left,complete
S3-K316_clip_0001,23,1824,1876,left,complete
S3-K316_clip_0001,32,2979,3024,left,complete
S3-K316_clip_0001,60,5341,5389,left,incomplete
S3-K316_clip_0002,4,566,606,left,complete
S3-K316_clip_0002,23,2978,3025,left,incomplete
S3-K316_clip_0003,21,2315,2344,right,incomplete
S3-K316_clip_0003,26,2982,3021,left,complete
S3-K316_clip_0003,27,3032,3068,left,complete
S3-K316_clip_0003,36,3981,3999,left,incomplete
S3-K316_clip_0004,15,1250,1273,left,incomplete
S3-K316_clip_0004,28,2979,3024,left,incomplete
S3-K316_clip_0004,28,3118,3165,left,complete
S3-K316_clip_0004,29,3038,3079,left,incomplete
S3-K316_clip_0004,49,5179,5238,left,complete
S3-K316_clip_0005,13,814,844,left,incomplete
S3-K316_clip_0005,17,902,938,left,incomplete
S3-K316_clip_0005,24,1319,1330,right,incomplete
S3-K316_clip_0005,44,2985,3017,left,complete
S3-K316_clip_0005,55,4380,4397,left,incomplete
S3-K316_clip_0005,61,4451,4488,left,complete
S3-K316_clip_0005,66,5534,5555,left,complete
S3-K316_clip_0006,1,37,81,left,incomplete
S3-K316_clip_0006,30,2740,2780,left,incomplete
S3-K316_clip_0006,31,2987,3015,left,incomplete
S3-K316_clip_0006,35,3038,3079,left,complete
S3-K316_clip_0006,55,4515,4535,left,complete
S3-K316_clip_0006,61,4947,5006,left,complete
S3-K316_clip_0007,33,2994,3008,left,incomplete
S3-K316_clip_0007,37,3335,3384,left,incomplete
S3-K316_clip_0008,34,2988,3014,right,incomplete
S3-K316_clip_0008,51,3777,3834,right,incomplete
S3-K316_clip_0008,58,4371,4403,left,complete
S3-K316_clip_0008,60,4483,4512,left,incomplete
S3-K316_clip_0009,5,558,591,left,complete
S3-K316_clip_0009,31,2884,2936,left,incomplete
S3-K316_clip_0009,31,2980,3023,left,complete
S3-K316_clip_0009,57,4888,4910,left,incomplete
